Longitude (x),Latitude (y),Station Name,Climate ID,Date/Time (LST),Year,Month,Day,Time (LST),Temp (°C),Temp Flag,Dew Point Temp (°C),Dew Point Temp Flag,Rel Hum (%),Rel Hum Flag,Precip. Amount (mm),Precip. Amount Flag,Wind Dir (10s deg),Wind Dir Flag,Wind Spd (km/h),Wind Spd Flag,Visibility (km),Visibility Flag,Stn Press (kPa),Stn Press Flag,Hmdx,Hmdx Flag,Wind Chill,Wind Chill Flag,Weather
-79.35,43.64,PA ROYAL CANADIAN YACHT CLUB,6156171,2015-10-01 0:00,2015,10,1,0:00,10.2,,1.6,,55,,0,,5,,15,,,,101.66,,,,,,NA
-79.35,43.64,PA ROYAL CANADIAN YACHT CLUB,6156171,2015-10-01 1:00,2015,10,1,1:00,9.3,,1.6,,59,,0,,4,,13,,,,101.68,,,,,,NA
-79.35,43.64,PA ROYAL CANADIAN YACHT CLUB,6156171,2015-10-01 2:00,2015,10,1,2:00,8.5,,1.4,,61,,0,,4,,14,,,,101.71,,,,,,NA
-79.35,43.64,PA ROYAL CANADIAN YACHT CLUB,6156171,2015-10-01 3:00,2015,10,1,3:00,8.1,,1.3,,62,,0,,4,,13,,,,101.73,,,,,,NA
-79.35,43.64,PA ROYAL CANADIAN YACHT CLUB,6156171,2015-10-01 4:00,2015,10,1,4:00,7.5,,1.6,,66,,0,,4,,12,,,,101.76,,,,,,NA
-79.35,43.64,PA ROYAL CANADIAN YACHT CLUB,6156171,2015-10-01 5:00,2015,10,1,5:00,7,,1.1,,66,,0,,4,,11,,,,101.79,,,,,,NA
-79.35,43.64,PA ROYAL CANADIAN YACHT CLUB,6156171,2015-10-01 6:00,2015,10,1,6:00,6.7,,0.7,,66,,0,,4,,12,,,,101.82,,,,,,NA
-79.35,43.64,PA ROYAL CANADIAN YACHT CLUB,6156171,2015-10-01 7:00,2015,10,1,7:00,6.9,,1,,66,,0,,4,,12,,,,101.88,,,,,,NA
-79.35,43.64,PA ROYAL CANADIAN YACHT CLUB,6156171,2015-10-01 8:00,2015,10,1,8:00,8,,1.1,,62,,0,,5,,11,,,,101.94,,,,,,NA
-79.35,43.64,PA ROYAL CANADIAN YACHT CLUB,6156171,2015-10-01 9:00,2015,10,1,9:00,9.5,,1.4,,57,,0,,5,,14,,,,101.96,,,,,,NA
-79.35,43.64,PA ROYAL CANADIAN YACHT CLUB,6156171,2015-10-01 10:00,2015,10,1,10:00,10.3,,2.4,,58,,0,,6,,11,,,,101.95,,,,,,NA
-79.35,43.64,PA ROYAL CANADIAN YACHT CLUB,6156171,2015-10-01 11:00,2015,10,1,11:00,11.2,,2.2,,54,,0,,8,,11,,,,101.97,,,,,,NA
-79.35,43.64,PA ROYAL CANADIAN YACHT CLUB,6156171,2015-10-01 12:00,2015,10,1,12:00,12.4,,3.3,,54,,0,,10,,9,,,,101.98,,,,,,NA
-79.35,43.64,PA ROYAL CANADIAN YACHT CLUB,6156171,2015-10-01 13:00,2015,10,1,13:00,13.4,,3,,49,,0,,9,,10,,,,101.92,,,,,,NA
-79.35,43.64,PA ROYAL CANADIAN YACHT CLUB,6156171,2015-10-01 14:00,2015,10,1,14:00,14.3,,4.1,,50,,0,,12,,8,,,,101.89,,,,,,NA
-79.35,43.64,PA ROYAL CANADIAN YACHT CLUB,6156171,2015-10-01 15:00,2015,10,1,15:00,15.1,,3.6,,46,,0,,8,,8,,,,101.89,,,,,,NA
-79.35,43.64,PA ROYAL CANADIAN YACHT CLUB,6156171,2015-10-01 16:00,2015,10,1,16:00,15.4,,3.5,,45,,0,,9,,7,,,,101.86,,,,,,NA
-79.35,43.64,PA ROYAL CANADIAN YACHT CLUB,6156171,2015-10-01 17:00,2015,10,1,17:00,15.7,,1.3,,38,,0,,5,,13,,,,101.89,,,,,,NA
-79.35,43.64,PA ROYAL CANADIAN YACHT CLUB,6156171,2015-10-01 18:00,2015,10,1,18:00,14.6,,0.4,,38,,0,,5,,11,,,,101.98,,,,,,NA
-79.35,43.64,PA ROYAL CANADIAN YACHT CLUB,6156171,2015-10-01 19:00,2015,10,1,19:00,13.7,,1,,42,,0,,5,,13,,,,102.02,,,,,,NA
-79.35,43.64,PA ROYAL CANADIAN YACHT CLUB,6156171,2015-10-01 20:00,2015,10,1,20:00,12.8,,0.6,,43,,0,,5,,12,,,,102.09,,,,,,NA
-79.35,43.64,PA ROYAL CANADIAN YACHT CLUB,6156171,2015-10-01 21:00,2015,10,1,21:00,11.7,,0.7,,47,,0,,5,,13,,,,102.14,,,,,,NA
-79.35,43.64,PA ROYAL CANADIAN YACHT CLUB,6156171,2015-10-01 22:00,2015,10,1,22:00,11.3,,0.1,,46,,0,,6,,15,,,,102.13,,,,,,NA
-79.35,43.64,PA ROYAL CANADIAN YACHT CLUB,6156171,2015-10-01 23:00,2015,10,1,23:00,10.6,,0.1,,48,,0,,5,,15,,,,102.11,,,,,,NA
-79.35,43.64,PA ROYAL CANADIAN YACHT CLUB,6156171,2015-10-02 0:00,2015,10,2,0:00,10.2,,-0.2,,48,,0,,6,,13,,,,102.13,,,,,,NA
-79.35,43.64,PA ROYAL CANADIAN YACHT CLUB,6156171,2015-10-02 1:00,2015,10,2,1:00,9.4,,-0.2,,51,,0,,5,,12,,,,102.16,,,,,,NA
-79.35,43.64,PA ROYAL CANADIAN YACHT CLUB,6156171,2015-10-02 2:00,2015,10,2,2:00,8.9,,0.2,,55,,0,,4,,13,,,,102.15,,,,,,NA
-79.35,43.64,PA ROYAL CANADIAN YACHT CLUB,6156171,2015-10-02 3:00,2015,10,2,3:00,8.5,,0.6,,58,,0,,4,,11,,,,102.16,,,,,,NA
-79.35,43.64,PA ROYAL CANADIAN YACHT CLUB,6156171,2015-10-02 4:00,2015,10,2,4:00,7.9,,0.1,,58,,0,,4,,13,,,,102.15,,,,,,NA
-79.35,43.64,PA ROYAL CANADIAN YACHT CLUB,6156171,2015-10-02 5:00,2015,10,2,5:00,7.5,,0,,59,,0,,5,,13,,,,102.21,,,,,,NA
-79.35,43.64,PA ROYAL CANADIAN YACHT CLUB,6156171,2015-10-02 6:00,2015,10,2,6:00,7.1,,0,,61,,0,,4,,13,,,,102.24,,,,,,NA
-79.35,43.64,PA ROYAL CANADIAN YACHT CLUB,6156171,2015-10-02 7:00,2015,10,2,7:00,6.6,,0.5,,65,,0,,4,,11,,,,102.28,,,,,,NA
-79.35,43.64,PA ROYAL CANADIAN YACHT CLUB,6156171,2015-10-02 8:00,2015,10,2,8:00,8.4,,0.4,,57,,0,,5,,13,,,,102.29,,,,,,NA
-79.35,43.64,PA ROYAL CANADIAN YACHT CLUB,6156171,2015-10-02 9:00,2015,10,2,9:00,9.1,,0.9,,57,,0,,5,,13,,,,102.33,,,,,,NA
-79.35,43.64,PA ROYAL CANADIAN YACHT CLUB,6156171,2015-10-02 10:00,2015,10,2,10:00,9.9,,0.7,,53,,0,,5,,13,,,,102.32,,,,,,NA
-79.35,43.64,PA ROYAL CANADIAN YACHT CLUB,6156171,2015-10-02 11:00,2015,10,2,11:00,11.3,,-0.2,,45,,0,,6,,14,,,,102.31,,,,,,NA
-79.35,43.64,PA ROYAL CANADIAN YACHT CLUB,6156171,2015-10-02 12:00,2015,10,2,12:00,11.8,,-0.3,,43,,0,,6,,14,,,,102.29,,,,,,NA
-79.35,43.64,PA ROYAL CANADIAN YACHT CLUB,6156171,2015-10-02 13:00,2015,10,2,13:00,12,,-0.4,,42,,0,,6,,15,,,,102.24,,,,,,NA
-79.35,43.64,PA ROYAL CANADIAN YACHT CLUB,6156171,2015-10-02 14:00,2015,10,2,14:00,12.4,,-0.2,,42,,0,,6,,11,,,,102.2,,,,,,NA
-79.35,43.64,PA ROYAL CANADIAN YACHT CLUB,6156171,2015-10-02 15:00,2015,10,2,15:00,12.9,,-0.8,,39,,0,,6,,15,,,,102.2,,,,,,NA
-79.35,43.64,PA ROYAL CANADIAN YACHT CLUB,6156171,2015-10-02 16:00,2015,10,2,16:00,12.7,,-0.1,,41,,0,,6,,15,,,,102.22,,,,,,NA
-79.35,43.64,PA ROYAL CANADIAN YACHT CLUB,6156171,2015-10-02 17:00,2015,10,2,17:00,12.3,,0.4,,44,,0,,6,,11,,,,102.28,,,,,,NA
-79.35,43.64,PA ROYAL CANADIAN YACHT CLUB,6156171,2015-10-02 18:00,2015,10,2,18:00,11.7,,-0.2,,44,,0,,6,,14,,,,102.3,,,,,,NA
-79.35,43.64,PA ROYAL CANADIAN YACHT CLUB,6156171,2015-10-02 19:00,2015,10,2,19:00,11.1,,-0.5,,45,,0,,6,,14,,,,102.28,,,,,,NA
-79.35,43.64,PA ROYAL CANADIAN YACHT CLUB,6156171,2015-10-02 20:00,2015,10,2,20:00,10.7,,-0.7,,45,,0,,6,,19,,,,102.31,,,,,,NA
-79.35,43.64,PA ROYAL CANADIAN YACHT CLUB,6156171,2015-10-02 21:00,2015,10,2,21:00,10.1,,-0.5,,48,,0,,6,,18,,,,102.28,,,,,,NA
-79.35,43.64,PA ROYAL CANADIAN YACHT CLUB,6156171,2015-10-02 22:00,2015,10,2,22:00,9.9,,-0.7,,48,,0,,5,,17,,,,102.24,,,,,,NA
-79.35,43.64,PA ROYAL CANADIAN YACHT CLUB,6156171,2015-10-02 23:00,2015,10,2,23:00,10.2,,1.2,,53,,0,,6,,14,,,,102.26,,,,,,NA
-79.35,43.64,PA ROYAL CANADIAN YACHT CLUB,6156171,2015-10-03 0:00,2015,10,3,0:00,10.1,,1.9,,57,,0,,6,,15,,,,102.23,,,,,,NA
-79.35,43.64,PA ROYAL CANADIAN YACHT CLUB,6156171,2015-10-03 1:00,2015,10,3,1:00,9.9,,1.2,,55,,0,,7,,18,,,,102.25,,,,,,NA
-79.35,43.64,PA ROYAL CANADIAN YACHT CLUB,6156171,2015-10-03 2:00,2015,10,3,2:00,9.4,,0.7,,55,,0,,7,,15,,,,102.25,,,,,,NA
-79.35,43.64,PA ROYAL CANADIAN YACHT CLUB,6156171,2015-10-03 3:00,2015,10,3,3:00,9.3,,0.8,,55,,0,,7,,18,,,,102.18,,,,,,NA
-79.35,43.64,PA ROYAL CANADIAN YACHT CLUB,6156171,2015-10-03 4:00,2015,10,3,4:00,9.3,,1.3,,57,,0,,7,,17,,,,102.2,,,,,,NA
-79.35,43.64,PA ROYAL CANADIAN YACHT CLUB,6156171,2015-10-03 5:00,2015,10,3,5:00,9.1,,1.8,,60,,0,,7,,16,,,,102.17,,,,,,NA
-79.35,43.64,PA ROYAL CANADIAN YACHT CLUB,6156171,2015-10-03 6:00,2015,10,3,6:00,8.9,,2.1,,62,,0,,7,,14,,,,102.18,,,,,,NA
-79.35,43.64,PA ROYAL CANADIAN YACHT CLUB,6156171,2015-10-03 7:00,2015,10,3,7:00,9.3,,2.7,,63,,0,,7,,17,,,,102.19,,,,,,NA
-79.35,43.64,PA ROYAL CANADIAN YACHT CLUB,6156171,2015-10-03 8:00,2015,10,3,8:00,9.4,,3.8,,68,,0,,8,,17,,,,102.23,,,,,,NA
-79.35,43.64,PA ROYAL CANADIAN YACHT CLUB,6156171,2015-10-03 9:00,2015,10,3,9:00,9.9,,3.9,,66,,0,,7,,18,,,,102.2,,,,,,NA
-79.35,43.64,PA ROYAL CANADIAN YACHT CLUB,6156171,2015-10-03 10:00,2015,10,3,10:00,10.9,,3,,58,,0,,8,,16,,,,102.2,,,,,,NA
-79.35,43.64,PA ROYAL CANADIAN YACHT CLUB,6156171,2015-10-03 11:00,2015,10,3,11:00,11.3,,3.6,,59,,0,,7,,17,,,,102.14,,,,,,NA
-79.35,43.64,PA ROYAL CANADIAN YACHT CLUB,6156171,2015-10-03 12:00,2015,10,3,12:00,11.6,,3.6,,58,,0,,8,,16,,,,102.1,,,,,,NA
-79.35,43.64,PA ROYAL CANADIAN YACHT CLUB,6156171,2015-10-03 13:00,2015,10,3,13:00,11.9,,3.4,,56,,0,,8,,17,,,,102.05,,,,,,NA
-79.35,43.64,PA ROYAL CANADIAN YACHT CLUB,6156171,2015-10-03 14:00,2015,10,3,14:00,12,,3.4,,56,,0,,8,,16,,,,102.03,,,,,,NA
-79.35,43.64,PA ROYAL CANADIAN YACHT CLUB,6156171,2015-10-03 15:00,2015,10,3,15:00,11.6,,4.1,,60,,0,,7,,16,,,,102.02,,,,,,NA
-79.35,43.64,PA ROYAL CANADIAN YACHT CLUB,6156171,2015-10-03 16:00,2015,10,3,16:00,11.3,,5.1,,65,,0,,8,,15,,,,102.02,,,,,,NA
-79.35,43.64,PA ROYAL CANADIAN YACHT CLUB,6156171,2015-10-03 17:00,2015,10,3,17:00,11.8,,5.1,,64,,0,,8,,12,,,,102.01,,,,,,NA
-79.35,43.64,PA ROYAL CANADIAN YACHT CLUB,6156171,2015-10-03 18:00,2015,10,3,18:00,12.3,,5.1,,61,,0,,9,,15,,,,102.04,,,,,,NA
-79.35,43.64,PA ROYAL CANADIAN YACHT CLUB,6156171,2015-10-03 19:00,2015,10,3,19:00,12.4,,5.1,,61,,0,,9,,13,,,,102.03,,,,,,NA
-79.35,43.64,PA ROYAL CANADIAN YACHT CLUB,6156171,2015-10-03 20:00,2015,10,3,20:00,13,,5.8,,61,,0,,11,,13,,,,102.02,,,,,,NA
-79.35,43.64,PA ROYAL CANADIAN YACHT CLUB,6156171,2015-10-03 21:00,2015,10,3,21:00,12.8,,6,,63,,0,,10,,12,,,,102.01,,,,,,NA
-79.35,43.64,PA ROYAL CANADIAN YACHT CLUB,6156171,2015-10-03 22:00,2015,10,3,22:00,12.7,,6.6,,67,,0,,11,,13,,,,101.97,,,,,,NA
-79.35,43.64,PA ROYAL CANADIAN YACHT CLUB,6156171,2015-10-03 23:00,2015,10,3,23:00,12.1,,6.3,,68,,0,,11,,12,,,,101.98,,,,,,NA
-79.35,43.64,PA ROYAL CANADIAN YACHT CLUB,6156171,2015-10-04 0:00,2015,10,4,0:00,11.6,,6.6,,72,,0,,11,,13,,,,101.96,,,,,,NA
-79.35,43.64,PA ROYAL CANADIAN YACHT CLUB,6156171,2015-10-04 1:00,2015,10,4,1:00,11.6,,6.2,,70,,0,,12,,11,,,,101.93,,,,,,NA
-79.35,43.64,PA ROYAL CANADIAN YACHT CLUB,6156171,2015-10-04 2:00,2015,10,4,2:00,10.7,,6.8,,77,,0,,10,,10,,,,101.91,,,,,,NA
-79.35,43.64,PA ROYAL CANADIAN YACHT CLUB,6156171,2015-10-04 3:00,2015,10,4,3:00,11.6,,6.7,,72,,0,,12,,12,,,,101.85,,,,,,NA
-79.35,43.64,PA ROYAL CANADIAN YACHT CLUB,6156171,2015-10-04 4:00,2015,10,4,4:00,11.3,,6.9,,74,,0,,13,,10,,,,101.88,,,,,,NA
-79.35,43.64,PA ROYAL CANADIAN YACHT CLUB,6156171,2015-10-04 5:00,2015,10,4,5:00,11.4,,6.9,,74,,0,,11,,9,,,,101.87,,,,,,NA
-79.35,43.64,PA ROYAL CANADIAN YACHT CLUB,6156171,2015-10-04 6:00,2015,10,4,6:00,11.1,,7,,76,,0,,12,,11,,,,101.88,,,,,,NA
-79.35,43.64,PA ROYAL CANADIAN YACHT CLUB,6156171,2015-10-04 7:00,2015,10,4,7:00,10.8,,7.6,,81,,0,,11,,10,,,,101.92,,,,,,NA
-79.35,43.64,PA ROYAL CANADIAN YACHT CLUB,6156171,2015-10-04 8:00,2015,10,4,8:00,11.7,,7.4,,75,,0,,12,,10,,,,101.88,,,,,,NA
-79.35,43.64,PA ROYAL CANADIAN YACHT CLUB,6156171,2015-10-04 9:00,2015,10,4,9:00,12.3,,7.3,,71,,0,,12,,10,,,,101.91,,,,,,NA
-79.35,43.64,PA ROYAL CANADIAN YACHT CLUB,6156171,2015-10-04 10:00,2015,10,4,10:00,12.6,,7.4,,71,,0,,11,,11,,,,101.9,,,,,,NA
-79.35,43.64,PA ROYAL CANADIAN YACHT CLUB,6156171,2015-10-04 11:00,2015,10,4,11:00,13.7,,8.1,,69,,0,,10,,8,,,,101.85,,,,,,NA
-79.35,43.64,PA ROYAL CANADIAN YACHT CLUB,6156171,2015-10-04 12:00,2015,10,4,12:00,14.5,,8.3,,66,,0,,11,,7,,,,101.83,,,,,,NA
-79.35,43.64,PA ROYAL CANADIAN YACHT CLUB,6156171,2015-10-04 13:00,2015,10,4,13:00,13.6,,8.2,,70,,0,,10,,7,,,,101.79,,,,,,NA
-79.35,43.64,PA ROYAL CANADIAN YACHT CLUB,6156171,2015-10-04 14:00,2015,10,4,14:00,13.6,,8.4,,71,,0,,9,,9,,,,101.73,,,,,,NA
-79.35,43.64,PA ROYAL CANADIAN YACHT CLUB,6156171,2015-10-04 15:00,2015,10,4,15:00,13.5,,8.5,,72,,0,,11,,7,,,,101.71,,,,,,NA
-79.35,43.64,PA ROYAL CANADIAN YACHT CLUB,6156171,2015-10-04 16:00,2015,10,4,16:00,13.7,,8.3,,70,,0,,8,,8,,,,101.66,,,,,,NA
-79.35,43.64,PA ROYAL CANADIAN YACHT CLUB,6156171,2015-10-04 17:00,2015,10,4,17:00,13.5,,8.6,,72,,0,,10,,6,,,,101.63,,,,,,NA
-79.35,43.64,PA ROYAL CANADIAN YACHT CLUB,6156171,2015-10-04 18:00,2015,10,4,18:00,13.3,,9,,75,,0,,9,,4,,,,101.65,,,,,,NA
-79.35,43.64,PA ROYAL CANADIAN YACHT CLUB,6156171,2015-10-04 19:00,2015,10,4,19:00,13.5,,8.5,,72,,0,,9,,7,,,,101.64,,,,,,NA
-79.35,43.64,PA ROYAL CANADIAN YACHT CLUB,6156171,2015-10-04 20:00,2015,10,4,20:00,13.3,,7.9,,70,,0,,10,,6,,,,101.63,,,,,,NA
-79.35,43.64,PA ROYAL CANADIAN YACHT CLUB,6156171,2015-10-04 21:00,2015,10,4,21:00,13.4,,8.5,,72,,0,,10,,6,,,,101.63,,,,,,NA
-79.35,43.64,PA ROYAL CANADIAN YACHT CLUB,6156171,2015-10-04 22:00,2015,10,4,22:00,13.5,,8,,69,,0,,11,,6,,,,101.58,,,,,,NA
-79.35,43.64,PA ROYAL CANADIAN YACHT CLUB,6156171,2015-10-04 23:00,2015,10,4,23:00,13.2,,7.8,,70,,0,,10,,5,,,,101.57,,,,,,NA
-79.35,43.64,PA ROYAL CANADIAN YACHT CLUB,6156171,2015-10-05 0:00,2015,10,5,0:00,13.4,,7.9,,69,,0,,8,,4,,,,101.54,,,,,,NA
-79.35,43.64,PA ROYAL CANADIAN YACHT CLUB,6156171,2015-10-05 1:00,2015,10,5,1:00,11.9,,8.2,,78,,0,,2,,4,,,,101.5,,,,,,NA
-79.35,43.64,PA ROYAL CANADIAN YACHT CLUB,6156171,2015-10-05 2:00,2015,10,5,2:00,11.8,,8,,77,,0,,1,,5,,,,101.48,,,,,,NA
-79.35,43.64,PA ROYAL CANADIAN YACHT CLUB,6156171,2015-10-05 3:00,2015,10,5,3:00,11.6,,7.7,,77,,0,,3,,5,,,,101.46,,,,,,NA
-79.35,43.64,PA ROYAL CANADIAN YACHT CLUB,6156171,2015-10-05 4:00,2015,10,5,4:00,11.9,,8,,77,,0,,3,,4,,,,101.47,,,,,,NA
-79.35,43.64,PA ROYAL CANADIAN YACHT CLUB,6156171,2015-10-05 5:00,2015,10,5,5:00,12.4,,7.9,,74,,0,,5,,5,,,,101.49,,,,,,NA
-79.35,43.64,PA ROYAL CANADIAN YACHT CLUB,6156171,2015-10-05 6:00,2015,10,5,6:00,12.9,,8.3,,73,,0,,3,,6,,,,101.53,,,,,,NA
-79.35,43.64,PA ROYAL CANADIAN YACHT CLUB,6156171,2015-10-05 7:00,2015,10,5,7:00,12.4,,8.6,,78,,0,,4,,6,,,,101.55,,,,,,NA
-79.35,43.64,PA ROYAL CANADIAN YACHT CLUB,6156171,2015-10-05 8:00,2015,10,5,8:00,12.6,,8.6,,76,,0,,3,,6,,,,101.55,,,,,,NA
-79.35,43.64,PA ROYAL CANADIAN YACHT CLUB,6156171,2015-10-05 9:00,2015,10,5,9:00,11.2,,10,,92,,0,,3,,7,,,,101.57,,,,,,NA
-79.35,43.64,PA ROYAL CANADIAN YACHT CLUB,6156171,2015-10-05 10:00,2015,10,5,10:00,12.2,,9.8,,85,,0,,2,,5,,,,101.56,,,,,,NA
-79.35,43.64,PA ROYAL CANADIAN YACHT CLUB,6156171,2015-10-05 11:00,2015,10,5,11:00,13,,9.6,,80,,0,,7,,3,,,,101.55,,,,,,NA
-79.35,43.64,PA ROYAL CANADIAN YACHT CLUB,6156171,2015-10-05 12:00,2015,10,5,12:00,12.8,,9.9,,83,,0,,17,,5,,,,101.51,,,,,,NA
-79.35,43.64,PA ROYAL CANADIAN YACHT CLUB,6156171,2015-10-05 13:00,2015,10,5,13:00,13.4,,9.9,,80,,0,,15,,4,,,,101.45,,,,,,NA
-79.35,43.64,PA ROYAL CANADIAN YACHT CLUB,6156171,2015-10-05 14:00,2015,10,5,14:00,14,,10,,77,,0,,16,,3,,,,101.39,,,,,,NA
-79.35,43.64,PA ROYAL CANADIAN YACHT CLUB,6156171,2015-10-05 15:00,2015,10,5,15:00,14.1,,10.1,,77,,0,,15,,4,,,,101.34,,,,,,NA
-79.35,43.64,PA ROYAL CANADIAN YACHT CLUB,6156171,2015-10-05 16:00,2015,10,5,16:00,13.8,,9.9,,77,,0,,15,,3,,,,101.31,,,,,,NA
-79.35,43.64,PA ROYAL CANADIAN YACHT CLUB,6156171,2015-10-05 17:00,2015,10,5,17:00,13.7,,10,,79,,0,,24,,2,,,,101.32,,,,,,NA
-79.35,43.64,PA ROYAL CANADIAN YACHT CLUB,6156171,2015-10-05 18:00,2015,10,5,18:00,13.6,,10.3,,80,,0,,15,,3,,,,101.31,,,,,,NA
-79.35,43.64,PA ROYAL CANADIAN YACHT CLUB,6156171,2015-10-05 19:00,2015,10,5,19:00,13.5,,10.5,,82,,0,,10,,2,,,,101.33,,,,,,NA
-79.35,43.64,PA ROYAL CANADIAN YACHT CLUB,6156171,2015-10-05 20:00,2015,10,5,20:00,13.6,,10.6,,82,,0,,8,,2,,,,101.33,,,,,,NA
-79.35,43.64,PA ROYAL CANADIAN YACHT CLUB,6156171,2015-10-05 21:00,2015,10,5,21:00,13.9,,10.9,,82,,0,,3,,2,,,,101.29,,,,,,NA
-79.35,43.64,PA ROYAL CANADIAN YACHT CLUB,6156171,2015-10-05 22:00,2015,10,5,22:00,14,,11.2,,83,,0,,3,,4,,,,101.28,,,,,,NA
-79.35,43.64,PA ROYAL CANADIAN YACHT CLUB,6156171,2015-10-05 23:00,2015,10,5,23:00,14,,11.4,,85,,0,,1,,5,,,,101.28,,,,,,NA
-79.35,43.64,PA ROYAL CANADIAN YACHT CLUB,6156171,2015-10-06 0:00,2015,10,6,0:00,14,,11.2,,83,,0,,35,,6,,,,101.24,,,,,,NA
-79.35,43.64,PA ROYAL CANADIAN YACHT CLUB,6156171,2015-10-06 1:00,2015,10,6,1:00,13.7,,11,,84,,0,,4,,4,,,,101.21,,,,,,NA
-79.35,43.64,PA ROYAL CANADIAN YACHT CLUB,6156171,2015-10-06 2:00,2015,10,6,2:00,13.6,,11,,84,,0,,1,,4,,,,101.18,,,,,,NA
-79.35,43.64,PA ROYAL CANADIAN YACHT CLUB,6156171,2015-10-06 3:00,2015,10,6,3:00,13.6,,11.2,,85,,0,,1,,7,,,,101.16,,,,,,NA
-79.35,43.64,PA ROYAL CANADIAN YACHT CLUB,6156171,2015-10-06 4:00,2015,10,6,4:00,12.9,,11.7,,92,,0,,2,,5,,,,101.16,,,,,,NA
-79.35,43.64,PA ROYAL CANADIAN YACHT CLUB,6156171,2015-10-06 5:00,2015,10,6,5:00,13.2,,11.8,,91,,0,,1,,5,,,,101.17,,,,,,NA
-79.35,43.64,PA ROYAL CANADIAN YACHT CLUB,6156171,2015-10-06 6:00,2015,10,6,6:00,13,,11.6,,91,,0,,6,,2,,,,101.17,,,,,,NA
-79.35,43.64,PA ROYAL CANADIAN YACHT CLUB,6156171,2015-10-06 7:00,2015,10,6,7:00,13.4,,11.8,,90,,0,,4,,5,,,,101.19,,,,,,NA
-79.35,43.64,PA ROYAL CANADIAN YACHT CLUB,6156171,2015-10-06 8:00,2015,10,6,8:00,14,,11.2,,83,,0,,2,,4,,,,101.2,,,,,,NA
-79.35,43.64,PA ROYAL CANADIAN YACHT CLUB,6156171,2015-10-06 9:00,2015,10,6,9:00,14.4,,11.8,,84,,0,,20,,3,,,,101.19,,,,,,NA
-79.35,43.64,PA ROYAL CANADIAN YACHT CLUB,6156171,2015-10-06 10:00,2015,10,6,10:00,15,,11.4,,79,,0,,24,,4,,,,101.19,,,,,,NA
-79.35,43.64,PA ROYAL CANADIAN YACHT CLUB,6156171,2015-10-06 11:00,2015,10,6,11:00,15.9,,11.4,,75,,0,,27,,5,,,,101.19,,,,,,NA
-79.35,43.64,PA ROYAL CANADIAN YACHT CLUB,6156171,2015-10-06 12:00,2015,10,6,12:00,16.4,,11.5,,73,,0,,28,,6,,,,101.14,,,,,,NA
-79.35,43.64,PA ROYAL CANADIAN YACHT CLUB,6156171,2015-10-06 13:00,2015,10,6,13:00,15.8,,12,,78,,0,,20,,4,,,,101.09,,,,,,NA
-79.35,43.64,PA ROYAL CANADIAN YACHT CLUB,6156171,2015-10-06 14:00,2015,10,6,14:00,15.9,,12.4,,80,,0,,19,,4,,,,101.01,,,,,,NA
-79.35,43.64,PA ROYAL CANADIAN YACHT CLUB,6156171,2015-10-06 15:00,2015,10,6,15:00,16.6,,11.6,,72,,0,,28,,6,,,,100.95,,,,,,NA
-79.35,43.64,PA ROYAL CANADIAN YACHT CLUB,6156171,2015-10-06 16:00,2015,10,6,16:00,16.6,,11.3,,71,,0,,32,,9,,,,100.95,,,,,,NA
-79.35,43.64,PA ROYAL CANADIAN YACHT CLUB,6156171,2015-10-06 17:00,2015,10,6,17:00,16.6,,10.9,,69,,0,,33,,10,,,,100.95,,,,,,NA
-79.35,43.64,PA ROYAL CANADIAN YACHT CLUB,6156171,2015-10-06 18:00,2015,10,6,18:00,15.9,,10.1,,68,,0,,32,,13,,,,100.96,,,,,,NA
-79.35,43.64,PA ROYAL CANADIAN YACHT CLUB,6156171,2015-10-06 19:00,2015,10,6,19:00,15.1,,9.6,,70,,0,,1,,8,,,,100.96,,,,,,NA
-79.35,43.64,PA ROYAL CANADIAN YACHT CLUB,6156171,2015-10-06 20:00,2015,10,6,20:00,15.6,,9.4,,67,,0,,31,,11,,,,100.96,,,,,,NA
-79.35,43.64,PA ROYAL CANADIAN YACHT CLUB,6156171,2015-10-06 21:00,2015,10,6,21:00,15.5,,9.6,,68,,0,,28,,6,,,,100.96,,,,,,NA
-79.35,43.64,PA ROYAL CANADIAN YACHT CLUB,6156171,2015-10-06 22:00,2015,10,6,22:00,15.8,,9.2,,65,,0,,31,,8,,,,100.95,,,,,,NA
-79.35,43.64,PA ROYAL CANADIAN YACHT CLUB,6156171,2015-10-06 23:00,2015,10,6,23:00,15.2,,9.2,,67,,0,,28,,6,,,,100.92,,,,,,NA
-79.35,43.64,PA ROYAL CANADIAN YACHT CLUB,6156171,2015-10-07 0:00,2015,10,7,0:00,14.8,,10.3,,74,,0,,27,,8,,,,100.9,,,,,,NA
-79.35,43.64,PA ROYAL CANADIAN YACHT CLUB,6156171,2015-10-07 1:00,2015,10,7,1:00,14.5,,10,,74,,0,,28,,7,,,,100.9,,,,,,NA
-79.35,43.64,PA ROYAL CANADIAN YACHT CLUB,6156171,2015-10-07 2:00,2015,10,7,2:00,13.8,,10.3,,79,,0,,28,,8,,,,100.87,,,,,,NA
-79.35,43.64,PA ROYAL CANADIAN YACHT CLUB,6156171,2015-10-07 3:00,2015,10,7,3:00,13.6,,10.4,,81,,0,,28,,8,,,,100.87,,,,,,NA
-79.35,43.64,PA ROYAL CANADIAN YACHT CLUB,6156171,2015-10-07 4:00,2015,10,7,4:00,13.4,,9.9,,79,,0,,35,,2,,,,100.85,,,,,,NA
-79.35,43.64,PA ROYAL CANADIAN YACHT CLUB,6156171,2015-10-07 5:00,2015,10,7,5:00,13.1,,10.3,,83,,0,,25,,4,,,,100.86,,,,,,NA
-79.35,43.64,PA ROYAL CANADIAN YACHT CLUB,6156171,2015-10-07 6:00,2015,10,7,6:00,13.3,,10.6,,83,,0,,25,,4,,,,100.88,,,,,,NA
-79.35,43.64,PA ROYAL CANADIAN YACHT CLUB,6156171,2015-10-07 7:00,2015,10,7,7:00,13.6,,11.4,,86,,0,,24,,4,,,,100.9,,,,,,NA
-79.35,43.64,PA ROYAL CANADIAN YACHT CLUB,6156171,2015-10-07 8:00,2015,10,7,8:00,14.6,,11.3,,81,,0,,25,,5,,,,100.93,,,,,,NA
-79.35,43.64,PA ROYAL CANADIAN YACHT CLUB,6156171,2015-10-07 9:00,2015,10,7,9:00,15.1,,12,,82,,0,,25,,6,,,,100.95,,,,,,NA
-79.35,43.64,PA ROYAL CANADIAN YACHT CLUB,6156171,2015-10-07 10:00,2015,10,7,10:00,16.7,,12.6,,77,,0,,24,,6,,,,100.96,,,,,,NA
-79.35,43.64,PA ROYAL CANADIAN YACHT CLUB,6156171,2015-10-07 11:00,2015,10,7,11:00,17.5,,13.2,,76,,0,,23,,5,,,,100.91,,,,,,NA
-79.35,43.64,PA ROYAL CANADIAN YACHT CLUB,6156171,2015-10-07 12:00,2015,10,7,12:00,18.2,,14.1,,77,,0,,21,,7,,,,100.91,,,,,,NA
-79.35,43.64,PA ROYAL CANADIAN YACHT CLUB,6156171,2015-10-07 13:00,2015,10,7,13:00,17.3,,13.7,,79,,0,,19,,7,,,,100.89,,,,,,NA
-79.35,43.64,PA ROYAL CANADIAN YACHT CLUB,6156171,2015-10-07 14:00,2015,10,7,14:00,17.2,,13.9,,81,,0,,11,,3,,,,100.85,,,,,,NA
-79.35,43.64,PA ROYAL CANADIAN YACHT CLUB,6156171,2015-10-07 15:00,2015,10,7,15:00,18.2,,14.3,,78,,0,,16,,5,,,,100.83,,,,,,NA
-79.35,43.64,PA ROYAL CANADIAN YACHT CLUB,6156171,2015-10-07 16:00,2015,10,7,16:00,19.9,,12,,60,,0,,2,,12,,,,100.86,,,,,,NA
-79.35,43.64,PA ROYAL CANADIAN YACHT CLUB,6156171,2015-10-07 17:00,2015,10,7,17:00,19.6,,11,,58,,0,,36,,11,,,,100.9,,,,,,NA
-79.35,43.64,PA ROYAL CANADIAN YACHT CLUB,6156171,2015-10-07 18:00,2015,10,7,18:00,17.6,,11.1,,66,,0,,36,,13,,,,100.98,,,,,,NA
-79.35,43.64,PA ROYAL CANADIAN YACHT CLUB,6156171,2015-10-07 19:00,2015,10,7,19:00,16.1,,9.2,,64,,0,,36,,13,,,,101.07,,,,,,NA
-79.35,43.64,PA ROYAL CANADIAN YACHT CLUB,6156171,2015-10-07 20:00,2015,10,7,20:00,15,,8.3,,64,,0,,1,,11,,,,101.14,,,,,,NA
-79.35,43.64,PA ROYAL CANADIAN YACHT CLUB,6156171,2015-10-07 21:00,2015,10,7,21:00,14,,8.2,,68,,0,,1,,8,,,,101.21,,,,,,NA
-79.35,43.64,PA ROYAL CANADIAN YACHT CLUB,6156171,2015-10-07 22:00,2015,10,7,22:00,13.3,,8.4,,73,,0,,1,,7,,,,101.23,,,,,,NA
-79.35,43.64,PA ROYAL CANADIAN YACHT CLUB,6156171,2015-10-07 23:00,2015,10,7,23:00,12.5,,8.8,,78,,0,,1,,9,,,,101.25,,,,,,NA
-79.35,43.64,PA ROYAL CANADIAN YACHT CLUB,6156171,2015-10-08 0:00,2015,10,8,0:00,11.5,,8.6,,82,,0,,1,,8,,,,101.27,,,,,,NA
-79.35,43.64,PA ROYAL CANADIAN YACHT CLUB,6156171,2015-10-08 1:00,2015,10,8,1:00,10.7,,8.2,,85,,0,,2,,5,,,,101.29,,,,,,NA
-79.35,43.64,PA ROYAL CANADIAN YACHT CLUB,6156171,2015-10-08 2:00,2015,10,8,2:00,10.1,,7.1,,82,,0,,3,,5,,,,101.3,,,,,,NA
-79.35,43.64,PA ROYAL CANADIAN YACHT CLUB,6156171,2015-10-08 3:00,2015,10,8,3:00,10,,5.2,,72,,0,,4,,5,,,,101.26,,,,,,NA
-79.35,43.64,PA ROYAL CANADIAN YACHT CLUB,6156171,2015-10-08 4:00,2015,10,8,4:00,10.6,,4.8,,67,,0,,5,,7,,,,101.3,,,,,,NA
-79.35,43.64,PA ROYAL CANADIAN YACHT CLUB,6156171,2015-10-08 5:00,2015,10,8,5:00,10.3,,4.7,,68,,0,,4,,9,,,,101.34,,,,,,NA
-79.35,43.64,PA ROYAL CANADIAN YACHT CLUB,6156171,2015-10-08 6:00,2015,10,8,6:00,9.9,,4.6,,70,,0,,5,,8,,,,101.36,,,,,,NA
-79.35,43.64,PA ROYAL CANADIAN YACHT CLUB,6156171,2015-10-08 7:00,2015,10,8,7:00,9.5,,4.8,,72,,0,,3,,6,,,,101.39,,,,,,NA
-79.35,43.64,PA ROYAL CANADIAN YACHT CLUB,6156171,2015-10-08 8:00,2015,10,8,8:00,11.4,,6.6,,73,,0,,6,,8,,,,101.38,,,,,,NA
-79.35,43.64,PA ROYAL CANADIAN YACHT CLUB,6156171,2015-10-08 9:00,2015,10,8,9:00,12.8,,7.1,,68,,0,,12,,10,,,,101.39,,,,,,NA
-79.35,43.64,PA ROYAL CANADIAN YACHT CLUB,6156171,2015-10-08 10:00,2015,10,8,10:00,13.5,,8,,70,,0,,10,,7,,,,101.4,,,,,,NA
-79.35,43.64,PA ROYAL CANADIAN YACHT CLUB,6156171,2015-10-08 11:00,2015,10,8,11:00,13.3,,8.2,,72,,0,,12,,9,,,,101.39,,,,,,NA
-79.35,43.64,PA ROYAL CANADIAN YACHT CLUB,6156171,2015-10-08 12:00,2015,10,8,12:00,13.6,,8.7,,72,,0,,10,,9,,,,101.29,,,,,,NA
-79.35,43.64,PA ROYAL CANADIAN YACHT CLUB,6156171,2015-10-08 13:00,2015,10,8,13:00,13.2,,8.7,,74,,0,,10,,7,,,,101.24,,,,,,NA
-79.35,43.64,PA ROYAL CANADIAN YACHT CLUB,6156171,2015-10-08 14:00,2015,10,8,14:00,13.6,,8.3,,70,,0,,11,,7,,,,101.13,,,,,,NA
-79.35,43.64,PA ROYAL CANADIAN YACHT CLUB,6156171,2015-10-08 15:00,2015,10,8,15:00,13.4,,7.3,,66,,0,,11,,7,,,,101.08,,,,,,NA
-79.35,43.64,PA ROYAL CANADIAN YACHT CLUB,6156171,2015-10-08 16:00,2015,10,8,16:00,13.3,,7.1,,66,,0,,12,,8,,,,101.02,,,,,,NA
-79.35,43.64,PA ROYAL CANADIAN YACHT CLUB,6156171,2015-10-08 17:00,2015,10,8,17:00,12.8,,6.3,,65,,0,,11,,7,,,,100.96,,,,,,NA
-79.35,43.64,PA ROYAL CANADIAN YACHT CLUB,6156171,2015-10-08 18:00,2015,10,8,18:00,12.9,,5.9,,63,,0,,11,,8,,,,100.91,,,,,,NA
-79.35,43.64,PA ROYAL CANADIAN YACHT CLUB,6156171,2015-10-08 19:00,2015,10,8,19:00,13.5,,8,,70,,0,,11,,9,,,,100.84,,,,,,NA
-79.35,43.64,PA ROYAL CANADIAN YACHT CLUB,6156171,2015-10-08 20:00,2015,10,8,20:00,13.5,,8.7,,73,,0,,10,,9,,,,100.79,,,,,,NA
-79.35,43.64,PA ROYAL CANADIAN YACHT CLUB,6156171,2015-10-08 21:00,2015,10,8,21:00,13.1,,9.4,,78,,0,,9,,8,,,,100.73,,,,,,NA
-79.35,43.64,PA ROYAL CANADIAN YACHT CLUB,6156171,2015-10-08 22:00,2015,10,8,22:00,12.7,,9.9,,83,,0,,9,,9,,,,100.61,,,,,,NA
-79.35,43.64,PA ROYAL CANADIAN YACHT CLUB,6156171,2015-10-08 23:00,2015,10,8,23:00,12,,10.5,,91,,2.5,,8,,8,,,,100.51,,,,,,NA
-79.35,43.64,PA ROYAL CANADIAN YACHT CLUB,6156171,2015-10-09 0:00,2015,10,9,0:00,12.5,,11.3,,93,,2.5,,7,,11,,,,100.34,,,,,,NA
-79.35,43.64,PA ROYAL CANADIAN YACHT CLUB,6156171,2015-10-09 1:00,2015,10,9,1:00,12.3,,11.5,,95,,1.5,,7,,7,,,,100.29,,,,,,NA
-79.35,43.64,PA ROYAL CANADIAN YACHT CLUB,6156171,2015-10-09 2:00,2015,10,9,2:00,12.6,,11.9,,95,,1,,9,,7,,,,100.16,,,,,,NA
-79.35,43.64,PA ROYAL CANADIAN YACHT CLUB,6156171,2015-10-09 3:00,2015,10,9,3:00,12.7,,11.9,,95,,0,,7,,5,,,,100.06,,,,,,NA
-79.35,43.64,PA ROYAL CANADIAN YACHT CLUB,6156171,2015-10-09 4:00,2015,10,9,4:00,13,,12.4,,96,,0.5,,2,,5,,,,100.03,,,,,,NA
-79.35,43.64,PA ROYAL CANADIAN YACHT CLUB,6156171,2015-10-09 5:00,2015,10,9,5:00,13,,12.4,,96,,0,,2,,4,,,,100.04,,,,,,NA
-79.35,43.64,PA ROYAL CANADIAN YACHT CLUB,6156171,2015-10-09 6:00,2015,10,9,6:00,13.3,,12.6,,95,,0,,28,,3,,,,100.03,,,,,,NA
-79.35,43.64,PA ROYAL CANADIAN YACHT CLUB,6156171,2015-10-09 7:00,2015,10,9,7:00,13.4,,12.4,,94,,0,,26,,10,,,,100.06,,,,,,NA
-79.35,43.64,PA ROYAL CANADIAN YACHT CLUB,6156171,2015-10-09 8:00,2015,10,9,8:00,14.1,,12.8,,92,,0,,27,,9,,,,100.08,,,,,,NA
-79.35,43.64,PA ROYAL CANADIAN YACHT CLUB,6156171,2015-10-09 9:00,2015,10,9,9:00,14.7,,13.2,,91,,0,,25,,8,,,,100.13,,,,,,NA
-79.35,43.64,PA ROYAL CANADIAN YACHT CLUB,6156171,2015-10-09 10:00,2015,10,9,10:00,16.2,,14.3,,89,,0,,25,,7,,,,100.15,,,,,,NA
-79.35,43.64,PA ROYAL CANADIAN YACHT CLUB,6156171,2015-10-09 11:00,2015,10,9,11:00,17,,12.7,,76,,0,,31,,16,,,,100.17,,,,,,NA
-79.35,43.64,PA ROYAL CANADIAN YACHT CLUB,6156171,2015-10-09 12:00,2015,10,9,12:00,16.3,,11.1,,71,,0,,31,,19,,,,100.24,,,,,,NA
-79.35,43.64,PA ROYAL CANADIAN YACHT CLUB,6156171,2015-10-09 13:00,2015,10,9,13:00,15.6,,10.2,,71,,0,,34,,22,,,,100.3,,,,,,NA
-79.35,43.64,PA ROYAL CANADIAN YACHT CLUB,6156171,2015-10-09 14:00,2015,10,9,14:00,13.9,,8.8,,72,,0,,33,,24,,,,100.39,,,,,,NA
-79.35,43.64,PA ROYAL CANADIAN YACHT CLUB,6156171,2015-10-09 15:00,2015,10,9,15:00,13.3,,8.2,,71,,0,,34,,25,,,,100.5,,,,,,NA
-79.35,43.64,PA ROYAL CANADIAN YACHT CLUB,6156171,2015-10-09 16:00,2015,10,9,16:00,13.4,,7.2,,66,,0,,35,,19,,,,100.61,,,,,,NA
-79.35,43.64,PA ROYAL CANADIAN YACHT CLUB,6156171,2015-10-09 17:00,2015,10,9,17:00,12.8,,7.7,,71,,0,,35,,19,,,,100.72,,,,,,NA
-79.35,43.64,PA ROYAL CANADIAN YACHT CLUB,6156171,2015-10-09 18:00,2015,10,9,18:00,12.6,,7.4,,70,,0,,35,,17,,,,100.86,,,,,,NA
-79.35,43.64,PA ROYAL CANADIAN YACHT CLUB,6156171,2015-10-09 19:00,2015,10,9,19:00,12.2,,7.5,,73,,0,,36,,11,,,,100.98,,,,,,NA
-79.35,43.64,PA ROYAL CANADIAN YACHT CLUB,6156171,2015-10-09 20:00,2015,10,9,20:00,11.7,,7.2,,74,,0,,35,,10,,,,101.08,,,,,,NA
-79.35,43.64,PA ROYAL CANADIAN YACHT CLUB,6156171,2015-10-09 21:00,2015,10,9,21:00,11.7,,7,,73,,0,,34,,11,,,,101.11,,,,,,NA
-79.35,43.64,PA ROYAL CANADIAN YACHT CLUB,6156171,2015-10-09 22:00,2015,10,9,22:00,11.1,,6.4,,73,,0,,31,,6,,,,101.17,,,,,,NA
-79.35,43.64,PA ROYAL CANADIAN YACHT CLUB,6156171,2015-10-09 23:00,2015,10,9,23:00,11.1,,6.1,,71,,0,,32,,9,,,,101.2,,,,,,NA
-79.35,43.64,PA ROYAL CANADIAN YACHT CLUB,6156171,2015-10-10 0:00,2015,10,10,0:00,9.9,,5.9,,76,,0,,2,,5,,,,101.23,,,,,,NA
-79.35,43.64,PA ROYAL CANADIAN YACHT CLUB,6156171,2015-10-10 1:00,2015,10,10,1:00,9.9,,5.4,,73,,0,,36,,6,,,,101.26,,,,,,NA
-79.35,43.64,PA ROYAL CANADIAN YACHT CLUB,6156171,2015-10-10 2:00,2015,10,10,2:00,9.5,,5.4,,75,,0,,36,,8,,,,101.31,,,,,,NA
-79.35,43.64,PA ROYAL CANADIAN YACHT CLUB,6156171,2015-10-10 3:00,2015,10,10,3:00,8.3,,5.2,,81,,0,,1,,10,,,,101.31,,,,,,NA
-79.35,43.64,PA ROYAL CANADIAN YACHT CLUB,6156171,2015-10-10 4:00,2015,10,10,4:00,7.4,,4.4,,81,,0,,3,,7,,,,101.38,,,,,,NA
-79.35,43.64,PA ROYAL CANADIAN YACHT CLUB,6156171,2015-10-10 5:00,2015,10,10,5:00,7.2,,4,,80,,0,,1,,9,,,,101.4,,,,,,NA
-79.35,43.64,PA ROYAL CANADIAN YACHT CLUB,6156171,2015-10-10 6:00,2015,10,10,6:00,6.8,,3.3,,78,,0,,2,,6,,,,101.41,,,,,,NA
-79.35,43.64,PA ROYAL CANADIAN YACHT CLUB,6156171,2015-10-10 7:00,2015,10,10,7:00,6.2,,3,,80,,0,,6,,4,,,,101.42,,,,,,NA
-79.35,43.64,PA ROYAL CANADIAN YACHT CLUB,6156171,2015-10-10 8:00,2015,10,10,8:00,8.4,,2.8,,68,,0,,35,,4,,,,101.48,,,,,,NA
-79.35,43.64,PA ROYAL CANADIAN YACHT CLUB,6156171,2015-10-10 9:00,2015,10,10,9:00,10.8,,4.9,,67,,0,,8,,5,,,,101.48,,,,,,NA
-79.35,43.64,PA ROYAL CANADIAN YACHT CLUB,6156171,2015-10-10 10:00,2015,10,10,10:00,11.6,,5.9,,68,,0,,13,,4,,,,101.46,,,,,,NA
-79.35,43.64,PA ROYAL CANADIAN YACHT CLUB,6156171,2015-10-10 11:00,2015,10,10,11:00,12.4,,6.9,,69,,0,,13,,4,,,,101.43,,,,,,NA
-79.35,43.64,PA ROYAL CANADIAN YACHT CLUB,6156171,2015-10-10 12:00,2015,10,10,12:00,13,,7,,67,,0,,18,,4,,,,101.36,,,,,,NA
-79.35,43.64,PA ROYAL CANADIAN YACHT CLUB,6156171,2015-10-10 13:00,2015,10,10,13:00,13,,7.2,,67,,0,,19,,6,,,,101.25,,,,,,NA
-79.35,43.64,PA ROYAL CANADIAN YACHT CLUB,6156171,2015-10-10 14:00,2015,10,10,14:00,13.9,,7.5,,66,,0,,18,,5,,,,101.12,,,,,,NA
-79.35,43.64,PA ROYAL CANADIAN YACHT CLUB,6156171,2015-10-10 15:00,2015,10,10,15:00,14.3,,8.3,,67,,0,,16,,6,,,,101.02,,,,,,NA
-79.35,43.64,PA ROYAL CANADIAN YACHT CLUB,6156171,2015-10-10 16:00,2015,10,10,16:00,14.6,,8.4,,66,,0,,17,,5,,,,100.96,,,,,,NA
-79.35,43.64,PA ROYAL CANADIAN YACHT CLUB,6156171,2015-10-10 17:00,2015,10,10,17:00,15.1,,8.5,,65,,0,,18,,9,,,,100.85,,,,,,NA
-79.35,43.64,PA ROYAL CANADIAN YACHT CLUB,6156171,2015-10-10 18:00,2015,10,10,18:00,14.8,,9.8,,72,,0,,18,,12,,,,100.8,,,,,,NA
-79.35,43.64,PA ROYAL CANADIAN YACHT CLUB,6156171,2015-10-10 19:00,2015,10,10,19:00,14.7,,9.1,,69,,0,,20,,12,,,,100.79,,,,,,NA
-79.35,43.64,PA ROYAL CANADIAN YACHT CLUB,6156171,2015-10-10 20:00,2015,10,10,20:00,14.5,,9.6,,73,,0,,22,,10,,,,100.73,,,,,,NA
-79.35,43.64,PA ROYAL CANADIAN YACHT CLUB,6156171,2015-10-10 21:00,2015,10,10,21:00,14,,9.2,,73,,0,,25,,16,,,,100.71,,,,,,NA
-79.35,43.64,PA ROYAL CANADIAN YACHT CLUB,6156171,2015-10-10 22:00,2015,10,10,22:00,13.8,,9.4,,75,,0,,24,,16,,,,100.66,,,,,,NA
-79.35,43.64,PA ROYAL CANADIAN YACHT CLUB,6156171,2015-10-10 23:00,2015,10,10,23:00,13.4,,9.3,,76,,0,,25,,14,,,,100.65,,,,,,NA
-79.35,43.64,PA ROYAL CANADIAN YACHT CLUB,6156171,2015-10-11 0:00,2015,10,11,0:00,13.7,,9.9,,78,,0,,24,,15,,,,100.52,,,,,,NA
-79.35,43.64,PA ROYAL CANADIAN YACHT CLUB,6156171,2015-10-11 1:00,2015,10,11,1:00,13.6,,9.6,,77,,0,,25,,13,,,,100.44,,,,,,NA
-79.35,43.64,PA ROYAL CANADIAN YACHT CLUB,6156171,2015-10-11 2:00,2015,10,11,2:00,13.6,,10,,79,,0,,26,,12,,,,100.43,,,,,,NA
-79.35,43.64,PA ROYAL CANADIAN YACHT CLUB,6156171,2015-10-11 3:00,2015,10,11,3:00,13.9,,9.5,,75,,0,,26,,14,,,,100.4,,,,,,NA
-79.35,43.64,PA ROYAL CANADIAN YACHT CLUB,6156171,2015-10-11 4:00,2015,10,11,4:00,13.4,,9.4,,77,,0,,26,,14,,,,100.37,,,,,,NA
-79.35,43.64,PA ROYAL CANADIAN YACHT CLUB,6156171,2015-10-11 5:00,2015,10,11,5:00,13.7,,9.6,,76,,0,,26,,17,,,,100.33,,,,,,NA
-79.35,43.64,PA ROYAL CANADIAN YACHT CLUB,6156171,2015-10-11 6:00,2015,10,11,6:00,14,,9.8,,76,,0,,25,,12,,,,100.24,,,,,,NA
-79.35,43.64,PA ROYAL CANADIAN YACHT CLUB,6156171,2015-10-11 7:00,2015,10,11,7:00,14.4,,9.7,,74,,0,,25,,20,,,,100.16,,,,,,NA
-79.35,43.64,PA ROYAL CANADIAN YACHT CLUB,6156171,2015-10-11 8:00,2015,10,11,8:00,14.5,,9.3,,71,,0,,26,,19,,,,100.16,,,,,,NA
-79.35,43.64,PA ROYAL CANADIAN YACHT CLUB,6156171,2015-10-11 9:00,2015,10,11,9:00,16.1,,9.5,,65,,0,,26,,18,,,,100.17,,,,,,NA
-79.35,43.64,PA ROYAL CANADIAN YACHT CLUB,6156171,2015-10-11 10:00,2015,10,11,10:00,17.2,,9.2,,59,,0,,24,,20,,,,100.11,,,,,,NA
-79.35,43.64,PA ROYAL CANADIAN YACHT CLUB,6156171,2015-10-11 11:00,2015,10,11,11:00,18.7,,10.3,,58,,0,,22,,11,,,,100.06,,,,,,NA
-79.35,43.64,PA ROYAL CANADIAN YACHT CLUB,6156171,2015-10-11 12:00,2015,10,11,12:00,20,,10.2,,53,,0,,21,,11,,,,100,,,,,,NA
-79.35,43.64,PA ROYAL CANADIAN YACHT CLUB,6156171,2015-10-11 13:00,2015,10,11,13:00,20.7,,10.3,,51,,0,,21,,13,,,,99.87,,,,,,NA
-79.35,43.64,PA ROYAL CANADIAN YACHT CLUB,6156171,2015-10-11 14:00,2015,10,11,14:00,20.9,,11.5,,55,,0,,20,,12,,,,99.82,,,,,,NA
-79.35,43.64,PA ROYAL CANADIAN YACHT CLUB,6156171,2015-10-11 15:00,2015,10,11,15:00,20.1,,12.7,,62,,0,,20,,15,,,,99.78,,,,,,NA
-79.35,43.64,PA ROYAL CANADIAN YACHT CLUB,6156171,2015-10-11 16:00,2015,10,11,16:00,19.8,,12.6,,63,,0,,20,,15,,,,99.76,,,,,,NA
-79.35,43.64,PA ROYAL CANADIAN YACHT CLUB,6156171,2015-10-11 17:00,2015,10,11,17:00,19.4,,11.8,,61,,0,,20,,14,,,,99.76,,,,,,NA
-79.35,43.64,PA ROYAL CANADIAN YACHT CLUB,6156171,2015-10-11 18:00,2015,10,11,18:00,18.4,,12.2,,67,,0,,21,,12,,,,99.79,,,,,,NA
-79.35,43.64,PA ROYAL CANADIAN YACHT CLUB,6156171,2015-10-11 19:00,2015,10,11,19:00,18.4,,10.6,,60,,0,,25,,17,,,,99.82,,,,,,NA
-79.35,43.64,PA ROYAL CANADIAN YACHT CLUB,6156171,2015-10-11 20:00,2015,10,11,20:00,18,,10.5,,61,,0,,22,,8,,,,99.85,,,,,,NA
-79.35,43.64,PA ROYAL CANADIAN YACHT CLUB,6156171,2015-10-11 21:00,2015,10,11,21:00,17.9,,10.6,,62,,0,,22,,9,,,,99.83,,,,,,NA
-79.35,43.64,PA ROYAL CANADIAN YACHT CLUB,6156171,2015-10-11 22:00,2015,10,11,22:00,17.5,,10.8,,65,,0,,21,,8,,,,99.86,,,,,,NA
-79.35,43.64,PA ROYAL CANADIAN YACHT CLUB,6156171,2015-10-11 23:00,2015,10,11,23:00,17.2,,11.6,,70,,0,,21,,8,,,,99.85,,,,,,NA
-79.35,43.64,PA ROYAL CANADIAN YACHT CLUB,6156171,2015-10-12 0:00,2015,10,12,0:00,17.1,,12.1,,72,,0,,22,,12,,,,99.84,,,,,,NA
-79.35,43.64,PA ROYAL CANADIAN YACHT CLUB,6156171,2015-10-12 1:00,2015,10,12,1:00,16.6,,12,,75,,0,,21,,7,,,,99.85,,,,,,NA
-79.35,43.64,PA ROYAL CANADIAN YACHT CLUB,6156171,2015-10-12 2:00,2015,10,12,2:00,16.2,,12.1,,77,,0,,19,,7,,,,99.85,,,,,,NA
-79.35,43.64,PA ROYAL CANADIAN YACHT CLUB,6156171,2015-10-12 3:00,2015,10,12,3:00,16.3,,12.3,,77,,0,,20,,9,,,,99.81,,,,,,NA
-79.35,43.64,PA ROYAL CANADIAN YACHT CLUB,6156171,2015-10-12 4:00,2015,10,12,4:00,16,,12.2,,78,,0,,24,,11,,,,99.78,,,,,,NA
-79.35,43.64,PA ROYAL CANADIAN YACHT CLUB,6156171,2015-10-12 5:00,2015,10,12,5:00,15.6,,12.3,,80,,0,,25,,9,,,,99.81,,,,,,NA
-79.35,43.64,PA ROYAL CANADIAN YACHT CLUB,6156171,2015-10-12 6:00,2015,10,12,6:00,15.7,,12.4,,80,,0,,23,,11,,,,99.78,,,,,,NA
-79.35,43.64,PA ROYAL CANADIAN YACHT CLUB,6156171,2015-10-12 7:00,2015,10,12,7:00,16.2,,13,,81,,0,,21,,9,,,,99.77,,,,,,NA
-79.35,43.64,PA ROYAL CANADIAN YACHT CLUB,6156171,2015-10-12 8:00,2015,10,12,8:00,17,,13.1,,78,,0,,23,,10,,,,99.8,,,,,,NA
-79.35,43.64,PA ROYAL CANADIAN YACHT CLUB,6156171,2015-10-12 9:00,2015,10,12,9:00,17.6,,12.9,,74,,0,,20,,7,,,,99.74,,,,,,NA
-79.35,43.64,PA ROYAL CANADIAN YACHT CLUB,6156171,2015-10-12 10:00,2015,10,12,10:00,18.3,,13.3,,73,,0,,20,,9,,,,99.71,,,,,,NA
-79.35,43.64,PA ROYAL CANADIAN YACHT CLUB,6156171,2015-10-12 11:00,2015,10,12,11:00,18.7,,13.8,,73,,0,,19,,9,,,,99.64,,,,,,NA
-79.35,43.64,PA ROYAL CANADIAN YACHT CLUB,6156171,2015-10-12 12:00,2015,10,12,12:00,19,,14,,73,,0,,19,,10,,,,99.54,,,,,,NA
-79.35,43.64,PA ROYAL CANADIAN YACHT CLUB,6156171,2015-10-12 13:00,2015,10,12,13:00,19.4,,14.2,,72,,0,,19,,10,,,,99.44,,,,,,NA
-79.35,43.64,PA ROYAL CANADIAN YACHT CLUB,6156171,2015-10-12 14:00,2015,10,12,14:00,20,,13.4,,66,,0,,20,,11,,,,99.33,,,,,,NA
-79.35,43.64,PA ROYAL CANADIAN YACHT CLUB,6156171,2015-10-12 15:00,2015,10,12,15:00,20.2,,12.8,,62,,0,,20,,10,,,,99.28,,,,,,NA
-79.35,43.64,PA ROYAL CANADIAN YACHT CLUB,6156171,2015-10-12 16:00,2015,10,12,16:00,20,,11.8,,59,,0,,19,,8,,,,99.26,,,,,,NA
-79.35,43.64,PA ROYAL CANADIAN YACHT CLUB,6156171,2015-10-12 17:00,2015,10,12,17:00,18.5,,12.9,,70,,0,,19,,6,,,,99.19,,,,,,NA
-79.35,43.64,PA ROYAL CANADIAN YACHT CLUB,6156171,2015-10-12 18:00,2015,10,12,18:00,18.4,,12.5,,69,,0,,18,,3,,,,99.18,,,,,,NA
-79.35,43.64,PA ROYAL CANADIAN YACHT CLUB,6156171,2015-10-12 19:00,2015,10,12,19:00,18.3,,12.8,,70,,0,,16,,4,,,,99.12,,,,,,NA
-79.35,43.64,PA ROYAL CANADIAN YACHT CLUB,6156171,2015-10-12 20:00,2015,10,12,20:00,17.1,,13.8,,81,,0,,20,,7,,,,99.1,,,,,,NA
-79.35,43.64,PA ROYAL CANADIAN YACHT CLUB,6156171,2015-10-12 21:00,2015,10,12,21:00,17.1,,13.2,,78,,0.5,,15,,3,,,,99.03,,,,,,NA
-79.35,43.64,PA ROYAL CANADIAN YACHT CLUB,6156171,2015-10-12 22:00,2015,10,12,22:00,17.3,,13.3,,78,,0,,13,,3,,,,98.96,,,,,,NA
-79.35,43.64,PA ROYAL CANADIAN YACHT CLUB,6156171,2015-10-12 23:00,2015,10,12,23:00,17.4,,13.6,,78,,0,,16,,3,,,,98.86,,,,,,NA
-79.35,43.64,PA ROYAL CANADIAN YACHT CLUB,6156171,2015-10-13 0:00,2015,10,13,0:00,17.3,,13.5,,78,,0,,21,,3,,,,98.81,,,,,,NA
-79.35,43.64,PA ROYAL CANADIAN YACHT CLUB,6156171,2015-10-13 1:00,2015,10,13,1:00,17.7,,13.8,,78,,0,,20,,8,,,,98.74,,,,,,NA
-79.35,43.64,PA ROYAL CANADIAN YACHT CLUB,6156171,2015-10-13 2:00,2015,10,13,2:00,17.6,,14.1,,80,,0,,19,,9,,,,98.68,,,,,,NA
-79.35,43.64,PA ROYAL CANADIAN YACHT CLUB,6156171,2015-10-13 3:00,2015,10,13,3:00,17.3,,13.9,,80,,0,,21,,5,,,,98.61,,,,,,NA
-79.35,43.64,PA ROYAL CANADIAN YACHT CLUB,6156171,2015-10-13 4:00,2015,10,13,4:00,16.9,,14.5,,86,,0,,20,,4,,,,98.6,,,,,,NA
-79.35,43.64,PA ROYAL CANADIAN YACHT CLUB,6156171,2015-10-13 5:00,2015,10,13,5:00,17.6,,14.9,,84,,0,,23,,11,,,,98.62,,,,,,NA
-79.35,43.64,PA ROYAL CANADIAN YACHT CLUB,6156171,2015-10-13 6:00,2015,10,13,6:00,17.2,,13.5,,79,,0,,26,,11,,,,98.6,,,,,,NA
-79.35,43.64,PA ROYAL CANADIAN YACHT CLUB,6156171,2015-10-13 7:00,2015,10,13,7:00,16.4,,10.1,,66,,0,,27,,16,,,,98.69,,,,,,NA
-79.35,43.64,PA ROYAL CANADIAN YACHT CLUB,6156171,2015-10-13 8:00,2015,10,13,8:00,15.2,,8.3,,63,,0,,27,,16,,,,98.8,,,,,,NA
-79.35,43.64,PA ROYAL CANADIAN YACHT CLUB,6156171,2015-10-13 9:00,2015,10,13,9:00,15.5,,8.6,,64,,0,,27,,11,,,,98.84,,,,,,NA
-79.35,43.64,PA ROYAL CANADIAN YACHT CLUB,6156171,2015-10-13 10:00,2015,10,13,10:00,16.2,,8.2,,59,,0,,26,,16,,,,98.81,,,,,,NA
-79.35,43.64,PA ROYAL CANADIAN YACHT CLUB,6156171,2015-10-13 11:00,2015,10,13,11:00,16.2,,6.9,,54,,0,,27,,18,,,,98.88,,,,,,NA
-79.35,43.64,PA ROYAL CANADIAN YACHT CLUB,6156171,2015-10-13 12:00,2015,10,13,12:00,16.3,,8.1,,58,,0,,25,,17,,,,98.9,,,,,,NA
-79.35,43.64,PA ROYAL CANADIAN YACHT CLUB,6156171,2015-10-13 13:00,2015,10,13,13:00,15.8,,9,,64,,0,,28,,19,,,,98.9,,,,,,NA
-79.35,43.64,PA ROYAL CANADIAN YACHT CLUB,6156171,2015-10-13 14:00,2015,10,13,14:00,15.9,,9.2,,64,,0,,27,,19,,,,98.91,,,,,,NA
-79.35,43.64,PA ROYAL CANADIAN YACHT CLUB,6156171,2015-10-13 15:00,2015,10,13,15:00,15.6,,9.2,,66,,0,,28,,21,,,,98.98,,,,,,NA
-79.35,43.64,PA ROYAL CANADIAN YACHT CLUB,6156171,2015-10-13 16:00,2015,10,13,16:00,15.4,,9.9,,70,,0,,26,,21,,,,99.04,,,,,,NA
-79.35,43.64,PA ROYAL CANADIAN YACHT CLUB,6156171,2015-10-13 17:00,2015,10,13,17:00,15.4,,10.4,,72,,0,,26,,18,,,,99.09,,,,,,NA
-79.35,43.64,PA ROYAL CANADIAN YACHT CLUB,6156171,2015-10-13 18:00,2015,10,13,18:00,14.2,,11.4,,83,,0,,26,,17,,,,99.14,,,,,,NA
-79.35,43.64,PA ROYAL CANADIAN YACHT CLUB,6156171,2015-10-13 19:00,2015,10,13,19:00,14.4,,10.9,,79,,0,,27,,15,,,,99.23,,,,,,NA
-79.35,43.64,PA ROYAL CANADIAN YACHT CLUB,6156171,2015-10-13 20:00,2015,10,13,20:00,14.3,,9.9,,75,,0,,28,,18,,,,99.29,,,,,,NA
-79.35,43.64,PA ROYAL CANADIAN YACHT CLUB,6156171,2015-10-13 21:00,2015,10,13,21:00,14,,10,,77,,0,,28,,17,,,,99.37,,,,,,NA
-79.35,43.64,PA ROYAL CANADIAN YACHT CLUB,6156171,2015-10-13 22:00,2015,10,13,22:00,13.8,,9.2,,74,,0,,28,,16,,,,99.44,,,,,,NA
-79.35,43.64,PA ROYAL CANADIAN YACHT CLUB,6156171,2015-10-13 23:00,2015,10,13,23:00,13.3,,9.9,,80,,0,,28,,16,,,,99.45,,,,,,NA
-79.35,43.64,PA ROYAL CANADIAN YACHT CLUB,6156171,2015-10-14 0:00,2015,10,14,0:00,13.3,,8.7,,73,,0,,30,,17,,,,99.47,,,,,,NA
-79.35,43.64,PA ROYAL CANADIAN YACHT CLUB,6156171,2015-10-14 1:00,2015,10,14,1:00,12.6,,8,,74,,0,,29,,18,,,,99.48,,,,,,NA
-79.35,43.64,PA ROYAL CANADIAN YACHT CLUB,6156171,2015-10-14 2:00,2015,10,14,2:00,12.1,,7.5,,73,,0,,29,,16,,,,99.56,,,,,,NA
-79.35,43.64,PA ROYAL CANADIAN YACHT CLUB,6156171,2015-10-14 3:00,2015,10,14,3:00,11.9,,7.5,,75,,0,,31,,17,,,,99.58,,,,,,NA
-79.35,43.64,PA ROYAL CANADIAN YACHT CLUB,6156171,2015-10-14 4:00,2015,10,14,4:00,11.1,,7.6,,79,,0,,36,,12,,,,99.65,,,,,,NA
-79.35,43.64,PA ROYAL CANADIAN YACHT CLUB,6156171,2015-10-14 5:00,2015,10,14,5:00,10.8,,6.8,,76,,0,,35,,13,,,,99.77,,,,,,NA
-79.35,43.64,PA ROYAL CANADIAN YACHT CLUB,6156171,2015-10-14 6:00,2015,10,14,6:00,10,,6.4,,79,,0,,36,,12,,,,99.85,,,,,,NA
-79.35,43.64,PA ROYAL CANADIAN YACHT CLUB,6156171,2015-10-14 7:00,2015,10,14,7:00,9.7,,6.4,,80,,0,,36,,12,,,,99.95,,,,,,NA
-79.35,43.64,PA ROYAL CANADIAN YACHT CLUB,6156171,2015-10-14 8:00,2015,10,14,8:00,10.8,,6.6,,76,,0,,28,,6,,,,100.02,,,,,,NA
-79.35,43.64,PA ROYAL CANADIAN YACHT CLUB,6156171,2015-10-14 9:00,2015,10,14,9:00,10.9,,5.6,,70,,0,,34,,13,,,,100.11,,,,,,NA
-79.35,43.64,PA ROYAL CANADIAN YACHT CLUB,6156171,2015-10-14 10:00,2015,10,14,10:00,10.1,,5.1,,71,,0,,36,,16,,,,100.16,,,,,,NA
-79.35,43.64,PA ROYAL CANADIAN YACHT CLUB,6156171,2015-10-14 11:00,2015,10,14,11:00,10.8,,4.3,,64,,0,,30,,12,,,,100.21,,,,,,NA
-79.35,43.64,PA ROYAL CANADIAN YACHT CLUB,6156171,2015-10-14 12:00,2015,10,14,12:00,11.3,,4,,61,,0,,31,,13,,,,100.24,,,,,,NA
-79.35,43.64,PA ROYAL CANADIAN YACHT CLUB,6156171,2015-10-14 13:00,2015,10,14,13:00,11.5,,4.3,,61,,0,,34,,12,,,,100.24,,,,,,NA
-79.35,43.64,PA ROYAL CANADIAN YACHT CLUB,6156171,2015-10-14 14:00,2015,10,14,14:00,12,,3.8,,57,,0,,33,,4,,,,100.24,,,,,,NA
-79.35,43.64,PA ROYAL CANADIAN YACHT CLUB,6156171,2015-10-14 15:00,2015,10,14,15:00,12.2,,3.9,,57,,0,,26,,7,,,,100.25,,,,,,NA
-79.35,43.64,PA ROYAL CANADIAN YACHT CLUB,6156171,2015-10-14 16:00,2015,10,14,16:00,13.3,,3.5,,52,,0,,28,,12,,,,100.26,,,,,,NA
-79.35,43.64,PA ROYAL CANADIAN YACHT CLUB,6156171,2015-10-14 17:00,2015,10,14,17:00,12.9,,2.6,,49,,0,,31,,16,,,,100.31,,,,,,NA
-79.35,43.64,PA ROYAL CANADIAN YACHT CLUB,6156171,2015-10-14 18:00,2015,10,14,18:00,12.6,,2.4,,50,,0,,31,,15,,,,100.37,,,,,,NA
-79.35,43.64,PA ROYAL CANADIAN YACHT CLUB,6156171,2015-10-14 19:00,2015,10,14,19:00,11.5,,3,,56,,0,,33,,12,,,,100.46,,,,,,NA
-79.35,43.64,PA ROYAL CANADIAN YACHT CLUB,6156171,2015-10-14 20:00,2015,10,14,20:00,10.2,,2.6,,59,,0,,33,,15,,,,100.53,,,,,,NA
-79.35,43.64,PA ROYAL CANADIAN YACHT CLUB,6156171,2015-10-14 21:00,2015,10,14,21:00,10.3,,2.8,,60,,0,,34,,11,,,,100.58,,,,,,NA
-79.35,43.64,PA ROYAL CANADIAN YACHT CLUB,6156171,2015-10-14 22:00,2015,10,14,22:00,9.9,,3.4,,64,,0,,28,,8,,,,100.57,,,,,,NA
-79.35,43.64,PA ROYAL CANADIAN YACHT CLUB,6156171,2015-10-14 23:00,2015,10,14,23:00,9.7,,3.7,,66,,0,,27,,9,,,,100.53,,,,,,NA
-79.35,43.64,PA ROYAL CANADIAN YACHT CLUB,6156171,2015-10-15 0:00,2015,10,15,0:00,9.5,,4.2,,70,,0,,27,,9,,,,100.52,,,,,,NA
-79.35,43.64,PA ROYAL CANADIAN YACHT CLUB,6156171,2015-10-15 1:00,2015,10,15,1:00,9.2,,4.7,,73,,0,,26,,11,,,,100.51,,,,,,NA
-79.35,43.64,PA ROYAL CANADIAN YACHT CLUB,6156171,2015-10-15 2:00,2015,10,15,2:00,9.1,,5.5,,78,,0,,27,,9,,,,100.5,,,,,,NA
-79.35,43.64,PA ROYAL CANADIAN YACHT CLUB,6156171,2015-10-15 3:00,2015,10,15,3:00,9.8,,5.4,,74,,0,,26,,12,,,,100.48,,,,,,NA
-79.35,43.64,PA ROYAL CANADIAN YACHT CLUB,6156171,2015-10-15 4:00,2015,10,15,4:00,8.7,,5,,77,,0,,25,,11,,,,100.42,,,,,,NA
-79.35,43.64,PA ROYAL CANADIAN YACHT CLUB,6156171,2015-10-15 5:00,2015,10,15,5:00,8.9,,5.3,,78,,0,,26,,12,,,,100.44,,,,,,NA
-79.35,43.64,PA ROYAL CANADIAN YACHT CLUB,6156171,2015-10-15 6:00,2015,10,15,6:00,8.2,,4.8,,79,,0,,24,,9,,,,100.44,,,,,,NA
-79.35,43.64,PA ROYAL CANADIAN YACHT CLUB,6156171,2015-10-15 7:00,2015,10,15,7:00,8.6,,5,,78,,0,,26,,12,,,,100.41,,,,,,NA
-79.35,43.64,PA ROYAL CANADIAN YACHT CLUB,6156171,2015-10-15 8:00,2015,10,15,8:00,10.4,,5.5,,72,,0,,25,,14,,,,100.4,,,,,,NA
-79.35,43.64,PA ROYAL CANADIAN YACHT CLUB,6156171,2015-10-15 9:00,2015,10,15,9:00,11.1,,5.7,,69,,0,,26,,12,,,,100.44,,,,,,NA
-79.35,43.64,PA ROYAL CANADIAN YACHT CLUB,6156171,2015-10-15 10:00,2015,10,15,10:00,13.6,,7.1,,65,,0,,24,,11,,,,100.38,,,,,,NA
-79.35,43.64,PA ROYAL CANADIAN YACHT CLUB,6156171,2015-10-15 11:00,2015,10,15,11:00,14.8,,7.8,,63,,0,,22,,11,,,,100.34,,,,,,NA
-79.35,43.64,PA ROYAL CANADIAN YACHT CLUB,6156171,2015-10-15 12:00,2015,10,15,12:00,16.4,,8.1,,58,,0,,22,,13,,,,100.25,,,,,,NA
-79.35,43.64,PA ROYAL CANADIAN YACHT CLUB,6156171,2015-10-15 13:00,2015,10,15,13:00,16.8,,7.7,,55,,0,,22,,14,,,,100.15,,,,,,NA
-79.35,43.64,PA ROYAL CANADIAN YACHT CLUB,6156171,2015-10-15 14:00,2015,10,15,14:00,17.1,,7.9,,55,,0,,22,,11,,,,100.07,,,,,,NA
-79.35,43.64,PA ROYAL CANADIAN YACHT CLUB,6156171,2015-10-15 15:00,2015,10,15,15:00,17,,7.9,,55,,0,,24,,12,,,,99.97,,,,,,NA
-79.35,43.64,PA ROYAL CANADIAN YACHT CLUB,6156171,2015-10-15 16:00,2015,10,15,16:00,16.6,,5.5,,48,,0,,26,,16,,,,99.99,,,,,,NA
-79.35,43.64,PA ROYAL CANADIAN YACHT CLUB,6156171,2015-10-15 17:00,2015,10,15,17:00,11.9,,7.3,,74,,0.5,,31,,17,,,,100.05,,,,,,NA
-79.35,43.64,PA ROYAL CANADIAN YACHT CLUB,6156171,2015-10-15 18:00,2015,10,15,18:00,12,,8.7,,80,,0,,26,,11,,,,100.05,,,,,,NA
-79.35,43.64,PA ROYAL CANADIAN YACHT CLUB,6156171,2015-10-15 19:00,2015,10,15,19:00,14,,5.2,,55,,0,,28,,21,,,,100.17,,,,,,NA
-79.35,43.64,PA ROYAL CANADIAN YACHT CLUB,6156171,2015-10-15 20:00,2015,10,15,20:00,10.7,,7,,78,,0.5,,29,,23,,,,100.32,,,,,,NA
-79.35,43.64,PA ROYAL CANADIAN YACHT CLUB,6156171,2015-10-15 21:00,2015,10,15,21:00,10,,6.9,,81,,0.5,,22,,9,,,,100.19,,,,,,NA
-79.35,43.64,PA ROYAL CANADIAN YACHT CLUB,6156171,2015-10-15 22:00,2015,10,15,22:00,10.8,,6.7,,76,,0,,28,,13,,,,100.24,,,,,,NA
-79.35,43.64,PA ROYAL CANADIAN YACHT CLUB,6156171,2015-10-15 23:00,2015,10,15,23:00,10.5,,6.1,,74,,0,,28,,14,,,,100.28,,,,,,NA
-79.35,43.64,PA ROYAL CANADIAN YACHT CLUB,6156171,2015-10-16 0:00,2015,10,16,0:00,10.4,,5.7,,73,,0,,31,,16,,,,100.25,,,,,,NA
-79.35,43.64,PA ROYAL CANADIAN YACHT CLUB,6156171,2015-10-16 1:00,2015,10,16,1:00,10.2,,6.1,,75,,0,,33,,15,,,,100.32,,,,,,NA
-79.35,43.64,PA ROYAL CANADIAN YACHT CLUB,6156171,2015-10-16 2:00,2015,10,16,2:00,9.9,,6,,77,,0,,32,,12,,,,100.4,,,,,,NA
-79.35,43.64,PA ROYAL CANADIAN YACHT CLUB,6156171,2015-10-16 3:00,2015,10,16,3:00,9.7,,5.3,,74,,0,,29,,10,,,,100.42,,,,,,NA
-79.35,43.64,PA ROYAL CANADIAN YACHT CLUB,6156171,2015-10-16 4:00,2015,10,16,4:00,9.2,,5.1,,76,,0,,29,,14,,,,100.46,,,,,,NA
-79.35,43.64,PA ROYAL CANADIAN YACHT CLUB,6156171,2015-10-16 5:00,2015,10,16,5:00,8.8,,4.8,,76,,0,,30,,14,,,,100.54,,,,,,NA
-79.35,43.64,PA ROYAL CANADIAN YACHT CLUB,6156171,2015-10-16 6:00,2015,10,16,6:00,8.4,,4.8,,78,,0,,30,,12,,,,100.62,,,,,,NA
-79.35,43.64,PA ROYAL CANADIAN YACHT CLUB,6156171,2015-10-16 7:00,2015,10,16,7:00,8.2,,4.7,,78,,0,,30,,15,,,,100.7,,,,,,NA
-79.35,43.64,PA ROYAL CANADIAN YACHT CLUB,6156171,2015-10-16 8:00,2015,10,16,8:00,8.6,,4.7,,77,,0,,31,,11,,,,100.79,,,,,,NA
-79.35,43.64,PA ROYAL CANADIAN YACHT CLUB,6156171,2015-10-16 9:00,2015,10,16,9:00,9.5,,5,,74,,0,,29,,10,,,,100.83,,,,,,NA
-79.35,43.64,PA ROYAL CANADIAN YACHT CLUB,6156171,2015-10-16 10:00,2015,10,16,10:00,11.3,,5.2,,66,,0,,27,,8,,,,100.82,,,,,,NA
-79.35,43.64,PA ROYAL CANADIAN YACHT CLUB,6156171,2015-10-16 11:00,2015,10,16,11:00,12.4,,5.9,,65,,0,,26,,8,,,,100.78,,,,,,NA
-79.35,43.64,PA ROYAL CANADIAN YACHT CLUB,6156171,2015-10-16 12:00,2015,10,16,12:00,13,,5.3,,60,,0,,26,,13,,,,100.72,,,,,,NA
-79.35,43.64,PA ROYAL CANADIAN YACHT CLUB,6156171,2015-10-16 13:00,2015,10,16,13:00,10.3,,5.5,,72,,0,,32,,13,,,,100.7,,,,,,NA
-79.35,43.64,PA ROYAL CANADIAN YACHT CLUB,6156171,2015-10-16 14:00,2015,10,16,14:00,12.3,,4.6,,59,,0,,29,,19,,,,100.63,,,,,,NA
-79.35,43.64,PA ROYAL CANADIAN YACHT CLUB,6156171,2015-10-16 15:00,2015,10,16,15:00,10.9,,4.2,,63,,0,,32,,24,,,,100.71,,,,,,NA
-79.35,43.64,PA ROYAL CANADIAN YACHT CLUB,6156171,2015-10-16 16:00,2015,10,16,16:00,10.2,,4.2,,66,,0,,31,,17,,,,100.78,,,,,,NA
-79.35,43.64,PA ROYAL CANADIAN YACHT CLUB,6156171,2015-10-16 17:00,2015,10,16,17:00,9.9,,2,,58,,0,,34,,21,,,,100.83,,,,,,NA
-79.35,43.64,PA ROYAL CANADIAN YACHT CLUB,6156171,2015-10-16 18:00,2015,10,16,18:00,8.5,,0.4,,57,,0,,35,,19,,,,100.91,,,,,,NA
-79.35,43.64,PA ROYAL CANADIAN YACHT CLUB,6156171,2015-10-16 19:00,2015,10,16,19:00,7.3,,-0.5,,58,,0,,32,,25,,,,100.99,,,,,,NA
-79.35,43.64,PA ROYAL CANADIAN YACHT CLUB,6156171,2015-10-16 20:00,2015,10,16,20:00,6.9,,0.2,,62,,0,,29,,15,,,,101.01,,,,,,NA
-79.35,43.64,PA ROYAL CANADIAN YACHT CLUB,6156171,2015-10-16 21:00,2015,10,16,21:00,6.4,,-0.9,,60,,0,,31,,20,,,,101,,,,,,NA
-79.35,43.64,PA ROYAL CANADIAN YACHT CLUB,6156171,2015-10-16 22:00,2015,10,16,22:00,5.8,,-0.3,,65,,0,,31,,17,,,,101.06,,,,,,NA
-79.35,43.64,PA ROYAL CANADIAN YACHT CLUB,6156171,2015-10-16 23:00,2015,10,16,23:00,4.9,,0.6,,74,,0,,33,,21,,,,101.11,,,,,,NA
-79.35,43.64,PA ROYAL CANADIAN YACHT CLUB,6156171,2015-10-17 0:00,2015,10,17,0:00,4.1,,0.5,,78,,,,35,,14,,,,101.14,,,,,,NA
-79.35,43.64,PA ROYAL CANADIAN YACHT CLUB,6156171,2015-10-17 1:00,2015,10,17,1:00,3.6,,-0.8,,73,,,,35,,13,,,,101.18,,,,,,NA
-79.35,43.64,PA ROYAL CANADIAN YACHT CLUB,6156171,2015-10-17 2:00,2015,10,17,2:00,2.8,,-3.1,,65,,,,35,,13,,,,101.2,,,,,,NA
-79.35,43.64,PA ROYAL CANADIAN YACHT CLUB,6156171,2015-10-17 3:00,2015,10,17,3:00,2.5,,-3.1,,66,,,,34,,16,,,,101.2,,,,,,NA
-79.35,43.64,PA ROYAL CANADIAN YACHT CLUB,6156171,2015-10-17 4:00,2015,10,17,4:00,2.2,,-3.1,,68,,,,34,,14,,,,101.27,,,,,,NA
-79.35,43.64,PA ROYAL CANADIAN YACHT CLUB,6156171,2015-10-17 5:00,2015,10,17,5:00,2.5,,-2.9,,68,,,,33,,14,,,,101.36,,,,,,NA
-79.35,43.64,PA ROYAL CANADIAN YACHT CLUB,6156171,2015-10-17 6:00,2015,10,17,6:00,2.2,,-3,,69,,,,34,,10,,,,101.42,,,,,,NA
-79.35,43.64,PA ROYAL CANADIAN YACHT CLUB,6156171,2015-10-17 7:00,2015,10,17,7:00,2,,-2.9,,70,,,,35,,11,,,,101.49,,,,,,NA
-79.35,43.64,PA ROYAL CANADIAN YACHT CLUB,6156171,2015-10-17 8:00,2015,10,17,8:00,2.5,,-2.5,,69,,,,36,,9,,,,101.57,,,,,,NA
-79.35,43.64,PA ROYAL CANADIAN YACHT CLUB,6156171,2015-10-17 9:00,2015,10,17,9:00,3.2,,-3.3,,62,,,,34,,15,,,,101.58,,,,,,NA
-79.35,43.64,PA ROYAL CANADIAN YACHT CLUB,6156171,2015-10-17 10:00,2015,10,17,10:00,4,,-3.1,,60,,,,34,,10,,,,101.6,,,,,,NA
-79.35,43.64,PA ROYAL CANADIAN YACHT CLUB,6156171,2015-10-17 11:00,2015,10,17,11:00,5,,-3.1,,56,,0,,32,,17,,,,101.61,,,,,,NA
-79.35,43.64,PA ROYAL CANADIAN YACHT CLUB,6156171,2015-10-17 12:00,2015,10,17,12:00,5.8,,-3.1,,53,,0,,35,,14,,,,101.61,,,,,,NA
-79.35,43.64,PA ROYAL CANADIAN YACHT CLUB,6156171,2015-10-17 13:00,2015,10,17,13:00,6.2,,-3.1,,51,,0,,34,,13,,,,101.56,,,,,,NA
-79.35,43.64,PA ROYAL CANADIAN YACHT CLUB,6156171,2015-10-17 14:00,2015,10,17,14:00,7.1,,1.4,,67,,0,,25,,10,,,,101.55,,,,,,NA
-79.35,43.64,PA ROYAL CANADIAN YACHT CLUB,6156171,2015-10-17 15:00,2015,10,17,15:00,6.3,,-1.7,,57,,0,,36,,12,,,,101.55,,,,,,NA
-79.35,43.64,PA ROYAL CANADIAN YACHT CLUB,6156171,2015-10-17 16:00,2015,10,17,16:00,5.2,,-1.9,,60,,0,,34,,19,,,,101.59,,,,,,NA
-79.35,43.64,PA ROYAL CANADIAN YACHT CLUB,6156171,2015-10-17 17:00,2015,10,17,17:00,5.3,,-3.3,,54,,0,,34,,16,,,,101.61,,,,,,NA
-79.35,43.64,PA ROYAL CANADIAN YACHT CLUB,6156171,2015-10-17 18:00,2015,10,17,18:00,4.4,,-2.7,,60,,,,35,,14,,,,101.66,,,,,,NA
-79.35,43.64,PA ROYAL CANADIAN YACHT CLUB,6156171,2015-10-17 19:00,2015,10,17,19:00,4.1,,-2.2,,64,,,,36,,10,,,,101.69,,,,,,NA
-79.35,43.64,PA ROYAL CANADIAN YACHT CLUB,6156171,2015-10-17 20:00,2015,10,17,20:00,3.5,,-2.5,,65,,,,1,,8,,,,101.73,,,,,,NA
-79.35,43.64,PA ROYAL CANADIAN YACHT CLUB,6156171,2015-10-17 21:00,2015,10,17,21:00,3.1,,-3.6,,61,,,,1,,9,,,,101.75,,,,,,NA
-79.35,43.64,PA ROYAL CANADIAN YACHT CLUB,6156171,2015-10-17 22:00,2015,10,17,22:00,3.2,,-3.8,,60,,,,35,,8,,,,101.78,,,,,,NA
-79.35,43.64,PA ROYAL CANADIAN YACHT CLUB,6156171,2015-10-17 23:00,2015,10,17,23:00,3.1,,-3.5,,62,,,,34,,6,,,,101.76,,,,,,NA
-79.35,43.64,PA ROYAL CANADIAN YACHT CLUB,6156171,2015-10-18 0:00,2015,10,18,0:00,2.8,,-3,,66,,,,35,,7,,,,101.76,,,,,,NA
-79.35,43.64,PA ROYAL CANADIAN YACHT CLUB,6156171,2015-10-18 1:00,2015,10,18,1:00,2.7,,-2.9,,67,,,,35,,10,,,,101.75,,,,,,NA
-79.35,43.64,PA ROYAL CANADIAN YACHT CLUB,6156171,2015-10-18 2:00,2015,10,18,2:00,1.6,,-3,,72,,,,1,,6,,,,101.71,,,,,,NA
-79.35,43.64,PA ROYAL CANADIAN YACHT CLUB,6156171,2015-10-18 3:00,2015,10,18,3:00,2.5,,-2.6,,69,,,,33,,9,,,,101.72,,,,,,NA
-79.35,43.64,PA ROYAL CANADIAN YACHT CLUB,6156171,2015-10-18 4:00,2015,10,18,4:00,1.3,,-2.2,,77,,,,2,,8,,,,101.76,,,,,,NA
-79.35,43.64,PA ROYAL CANADIAN YACHT CLUB,6156171,2015-10-18 5:00,2015,10,18,5:00,1.3,,-2.3,,77,,,,2,,6,,,,101.78,,,,,,NA
-79.35,43.64,PA ROYAL CANADIAN YACHT CLUB,6156171,2015-10-18 6:00,2015,10,18,6:00,2,,-2.3,,73,,,,1,,7,,,,101.79,,,,,,NA
-79.35,43.64,PA ROYAL CANADIAN YACHT CLUB,6156171,2015-10-18 7:00,2015,10,18,7:00,2.4,,-3.2,,66,,,,4,,4,,,,101.83,,,,,,NA
-79.35,43.64,PA ROYAL CANADIAN YACHT CLUB,6156171,2015-10-18 8:00,2015,10,18,8:00,3.1,,-3.3,,63,,,,3,,7,,,,101.9,,,,,,NA
-79.35,43.64,PA ROYAL CANADIAN YACHT CLUB,6156171,2015-10-18 9:00,2015,10,18,9:00,4.1,,-4.5,,54,,,,2,,5,,,,101.94,,,,,,NA
-79.35,43.64,PA ROYAL CANADIAN YACHT CLUB,6156171,2015-10-18 10:00,2015,10,18,10:00,4.3,,-4.4,,53,,,,1,,7,,,,101.98,,,,,,NA
-79.35,43.64,PA ROYAL CANADIAN YACHT CLUB,6156171,2015-10-18 11:00,2015,10,18,11:00,4.7,,-4.1,,53,,0,,33,,9,,,,101.99,,,,,,NA
-79.35,43.64,PA ROYAL CANADIAN YACHT CLUB,6156171,2015-10-18 12:00,2015,10,18,12:00,5.1,,-4.2,,51,,0,,4,,5,,,,102,,,,,,NA
-79.35,43.64,PA ROYAL CANADIAN YACHT CLUB,6156171,2015-10-18 13:00,2015,10,18,13:00,5.6,,-4.4,,49,,0,,4,,5,,,,101.97,,,,,,NA
-79.35,43.64,PA ROYAL CANADIAN YACHT CLUB,6156171,2015-10-18 14:00,2015,10,18,14:00,5.9,,-5,,46,,0,,34,,10,,,,101.99,,,,,,NA
-79.35,43.64,PA ROYAL CANADIAN YACHT CLUB,6156171,2015-10-18 15:00,2015,10,18,15:00,6.1,,-5.7,,43,,0,,36,,14,,,,102.01,,,,,,NA
-79.35,43.64,PA ROYAL CANADIAN YACHT CLUB,6156171,2015-10-18 16:00,2015,10,18,16:00,6,,-3.2,,52,,0,,1,,12,,,,102.04,,,,,,NA
-79.35,43.64,PA ROYAL CANADIAN YACHT CLUB,6156171,2015-10-18 17:00,2015,10,18,17:00,5,,-3.2,,55,,0,,36,,13,,,,102.09,,,,,,NA
-79.35,43.64,PA ROYAL CANADIAN YACHT CLUB,6156171,2015-10-18 18:00,2015,10,18,18:00,4.3,,-3.3,,58,,,,35,,14,,,,102.14,,,,,,NA
-79.35,43.64,PA ROYAL CANADIAN YACHT CLUB,6156171,2015-10-18 19:00,2015,10,18,19:00,3.6,,-2.9,,63,,,,36,,10,,,,102.15,,,,,,NA
-79.35,43.64,PA ROYAL CANADIAN YACHT CLUB,6156171,2015-10-18 20:00,2015,10,18,20:00,3.4,,-2.9,,63,,,,34,,9,,,,102.18,,,,,,NA
-79.35,43.64,PA ROYAL CANADIAN YACHT CLUB,6156171,2015-10-18 21:00,2015,10,18,21:00,2.5,,-2.9,,67,,,,2,,5,,,,102.19,,,,,,NA
-79.35,43.64,PA ROYAL CANADIAN YACHT CLUB,6156171,2015-10-18 22:00,2015,10,18,22:00,2,,-2.8,,70,,,,5,,5,,,,102.2,,,,,,NA
-79.35,43.64,PA ROYAL CANADIAN YACHT CLUB,6156171,2015-10-18 23:00,2015,10,18,23:00,0.7,,-2.9,,77,,,,9,,3,,,,102.14,,,,,,NA
-79.35,43.64,PA ROYAL CANADIAN YACHT CLUB,6156171,2015-10-19 0:00,2015,10,19,0:00,0.9,,-2.3,,79,,,,3,,2,,,,102.13,,,,,,NA
-79.35,43.64,PA ROYAL CANADIAN YACHT CLUB,6156171,2015-10-19 1:00,2015,10,19,1:00,0.4,,-2.4,,81,,,,8,,3,,,,102.12,,,,,,NA
-79.35,43.64,PA ROYAL CANADIAN YACHT CLUB,6156171,2015-10-19 2:00,2015,10,19,2:00,0.9,,-1.9,,82,,,,3,,3,,,,102.13,,,,,,NA
-79.35,43.64,PA ROYAL CANADIAN YACHT CLUB,6156171,2015-10-19 3:00,2015,10,19,3:00,1.4,,-1.8,,79,,,,3,,3,,,,102.11,,,,,,NA
-79.35,43.64,PA ROYAL CANADIAN YACHT CLUB,6156171,2015-10-19 4:00,2015,10,19,4:00,1,,-2.3,,78,,,,6,,2,,,,102.1,,,,,,NA
-79.35,43.64,PA ROYAL CANADIAN YACHT CLUB,6156171,2015-10-19 5:00,2015,10,19,5:00,2.9,,-4.1,,60,,,,27,,6,,,,102.12,,,,,,NA
-79.35,43.64,PA ROYAL CANADIAN YACHT CLUB,6156171,2015-10-19 6:00,2015,10,19,6:00,4.5,,-0.5,,70,,,,21,,7,,,,102.03,,,,,,NA
-79.35,43.64,PA ROYAL CANADIAN YACHT CLUB,6156171,2015-10-19 7:00,2015,10,19,7:00,6.1,,0.4,,67,,0,,21,,9,,,,102,,,,,,NA
-79.35,43.64,PA ROYAL CANADIAN YACHT CLUB,6156171,2015-10-19 8:00,2015,10,19,8:00,8.1,,2.5,,68,,0,,21,,12,,,,101.94,,,,,,NA
-79.35,43.64,PA ROYAL CANADIAN YACHT CLUB,6156171,2015-10-19 9:00,2015,10,19,9:00,8.8,,4.5,,74,,0,,22,,16,,,,101.87,,,,,,NA
-79.35,43.64,PA ROYAL CANADIAN YACHT CLUB,6156171,2015-10-19 10:00,2015,10,19,10:00,10.1,,4,,66,,0,,22,,23,,,,101.75,,,,,,NA
-79.35,43.64,PA ROYAL CANADIAN YACHT CLUB,6156171,2015-10-19 11:00,2015,10,19,11:00,11.5,,3.9,,59,,0,,22,,23,,,,101.63,,,,,,NA
-79.35,43.64,PA ROYAL CANADIAN YACHT CLUB,6156171,2015-10-19 12:00,2015,10,19,12:00,11.7,,4.5,,61,,0,,21,,23,,,,101.45,,,,,,NA
-79.35,43.64,PA ROYAL CANADIAN YACHT CLUB,6156171,2015-10-19 13:00,2015,10,19,13:00,12.6,,5.4,,62,,0,,20,,24,,,,101.27,,,,,,NA
-79.35,43.64,PA ROYAL CANADIAN YACHT CLUB,6156171,2015-10-19 14:00,2015,10,19,14:00,13.8,,6,,59,,0,,21,,23,,,,101.16,,,,,,NA
-79.35,43.64,PA ROYAL CANADIAN YACHT CLUB,6156171,2015-10-19 15:00,2015,10,19,15:00,14,,6,,58,,0,,21,,24,,,,101.06,,,,,,NA
-79.35,43.64,PA ROYAL CANADIAN YACHT CLUB,6156171,2015-10-19 16:00,2015,10,19,16:00,14.4,,5.4,,55,,0,,21,,28,,,,100.93,,,,,,NA
-79.35,43.64,PA ROYAL CANADIAN YACHT CLUB,6156171,2015-10-19 17:00,2015,10,19,17:00,14.3,,5.1,,54,,0,,21,,27,,,,100.87,,,,,,NA
-79.35,43.64,PA ROYAL CANADIAN YACHT CLUB,6156171,2015-10-19 18:00,2015,10,19,18:00,14.2,,6,,58,,0,,21,,27,,,,100.76,,,,,,NA
-79.35,43.64,PA ROYAL CANADIAN YACHT CLUB,6156171,2015-10-19 19:00,2015,10,19,19:00,14.6,,6,,56,,0,,22,,24,,,,100.71,,,,,,NA
-79.35,43.64,PA ROYAL CANADIAN YACHT CLUB,6156171,2015-10-19 20:00,2015,10,19,20:00,14.5,,5.8,,56,,0,,22,,25,,,,100.69,,,,,,NA
-79.35,43.64,PA ROYAL CANADIAN YACHT CLUB,6156171,2015-10-19 21:00,2015,10,19,21:00,14.1,,5.4,,56,,0,,23,,16,,,,100.77,,,,,,NA
-79.35,43.64,PA ROYAL CANADIAN YACHT CLUB,6156171,2015-10-19 22:00,2015,10,19,22:00,14.5,,5.6,,55,,0,,21,,12,,,,100.77,,,,,,NA
-79.35,43.64,PA ROYAL CANADIAN YACHT CLUB,6156171,2015-10-19 23:00,2015,10,19,23:00,14.1,,6.8,,62,,0,,24,,18,,,,100.79,,,,,,NA
-79.35,43.64,PA ROYAL CANADIAN YACHT CLUB,6156171,2015-10-20 0:00,2015,10,20,0:00,14.1,,7.3,,64,,0,,24,,6,,,,100.84,,,,,,NA
-79.35,43.64,PA ROYAL CANADIAN YACHT CLUB,6156171,2015-10-20 1:00,2015,10,20,1:00,14.5,,6.6,,59,,0,,21,,18,,,,100.82,,,,,,NA
-79.35,43.64,PA ROYAL CANADIAN YACHT CLUB,6156171,2015-10-20 2:00,2015,10,20,2:00,13.6,,6.9,,64,,0,,24,,14,,,,100.85,,,,,,NA
-79.35,43.64,PA ROYAL CANADIAN YACHT CLUB,6156171,2015-10-20 3:00,2015,10,20,3:00,13.8,,6.1,,60,,0,,24,,13,,,,100.8,,,,,,NA
-79.35,43.64,PA ROYAL CANADIAN YACHT CLUB,6156171,2015-10-20 4:00,2015,10,20,4:00,13.1,,6.5,,64,,0,,25,,7,,,,100.84,,,,,,NA
-79.35,43.64,PA ROYAL CANADIAN YACHT CLUB,6156171,2015-10-20 5:00,2015,10,20,5:00,14,,5.7,,57,,0,,23,,14,,,,100.88,,,,,,NA
-79.35,43.64,PA ROYAL CANADIAN YACHT CLUB,6156171,2015-10-20 6:00,2015,10,20,6:00,14,,5.3,,56,,0,,23,,14,,,,100.93,,,,,,NA
-79.35,43.64,PA ROYAL CANADIAN YACHT CLUB,6156171,2015-10-20 7:00,2015,10,20,7:00,12.4,,7.8,,74,,0,,26,,11,,,,101,,,,,,NA
-79.35,43.64,PA ROYAL CANADIAN YACHT CLUB,6156171,2015-10-20 8:00,2015,10,20,8:00,12,,7.6,,74,,0,,26,,7,,,,101.04,,,,,,NA
-79.35,43.64,PA ROYAL CANADIAN YACHT CLUB,6156171,2015-10-20 9:00,2015,10,20,9:00,12.5,,7.2,,70,,0,,25,,6,,,,101.05,,,,,,NA
-79.35,43.64,PA ROYAL CANADIAN YACHT CLUB,6156171,2015-10-20 10:00,2015,10,20,10:00,13.4,,6.5,,63,,0,,27,,7,,,,101.07,,,,,,NA
-79.35,43.64,PA ROYAL CANADIAN YACHT CLUB,6156171,2015-10-20 11:00,2015,10,20,11:00,13.4,,6.7,,64,,0,,24,,7,,,,101.06,,,,,,NA
-79.35,43.64,PA ROYAL CANADIAN YACHT CLUB,6156171,2015-10-20 12:00,2015,10,20,12:00,13.3,,7.8,,69,,0,,28,,8,,,,101.06,,,,,,NA
-79.35,43.64,PA ROYAL CANADIAN YACHT CLUB,6156171,2015-10-20 13:00,2015,10,20,13:00,16,,7.1,,56,,0,,24,,10,,,,101.02,,,,,,NA
-79.35,43.64,PA ROYAL CANADIAN YACHT CLUB,6156171,2015-10-20 14:00,2015,10,20,14:00,15,,8.5,,65,,0,,27,,8,,,,101,,,,,,NA
-79.35,43.64,PA ROYAL CANADIAN YACHT CLUB,6156171,2015-10-20 15:00,2015,10,20,15:00,16.7,,8.4,,58,,0,,28,,13,,,,101.03,,,,,,NA
-79.35,43.64,PA ROYAL CANADIAN YACHT CLUB,6156171,2015-10-20 16:00,2015,10,20,16:00,16.6,,9.2,,62,,0,,32,,12,,,,101.11,,,,,,NA
-79.35,43.64,PA ROYAL CANADIAN YACHT CLUB,6156171,2015-10-20 17:00,2015,10,20,17:00,15.6,,9.8,,69,,0,,32,,13,,,,101.17,,,,,,NA
-79.35,43.64,PA ROYAL CANADIAN YACHT CLUB,6156171,2015-10-20 18:00,2015,10,20,18:00,15.4,,8.9,,65,,0,,33,,6,,,,101.25,,,,,,NA
-79.35,43.64,PA ROYAL CANADIAN YACHT CLUB,6156171,2015-10-20 19:00,2015,10,20,19:00,15.4,,8.9,,65,,0,,34,,8,,,,101.3,,,,,,NA
-79.35,43.64,PA ROYAL CANADIAN YACHT CLUB,6156171,2015-10-20 20:00,2015,10,20,20:00,13.4,,9.6,,78,,0,,13,,2,,,,101.34,,,,,,NA
-79.35,43.64,PA ROYAL CANADIAN YACHT CLUB,6156171,2015-10-20 21:00,2015,10,20,21:00,12.4,,9.8,,84,,0,,19,,1,,,,101.34,,,,,,NA
-79.35,43.64,PA ROYAL CANADIAN YACHT CLUB,6156171,2015-10-20 22:00,2015,10,20,22:00,12.9,,9.6,,80,,0,,6,,3,,,,101.36,,,,,,NA
-79.35,43.64,PA ROYAL CANADIAN YACHT CLUB,6156171,2015-10-20 23:00,2015,10,20,23:00,12.7,,10,,83,,0,,4,,2,,,,101.37,,,,,,NA
-79.35,43.64,PA ROYAL CANADIAN YACHT CLUB,6156171,2015-10-21 0:00,2015,10,21,0:00,12.6,,9.9,,84,,0,,13,,2,,,,101.4,,,,,,NA
-79.35,43.64,PA ROYAL CANADIAN YACHT CLUB,6156171,2015-10-21 1:00,2015,10,21,1:00,12,,9.8,,86,,0,,7,,2,,,,101.46,,,,,,NA
-79.35,43.64,PA ROYAL CANADIAN YACHT CLUB,6156171,2015-10-21 2:00,2015,10,21,2:00,12,,10,,87,,0,,5,,3,,,,101.48,,,,,,NA
-79.35,43.64,PA ROYAL CANADIAN YACHT CLUB,6156171,2015-10-21 3:00,2015,10,21,3:00,12,,9,,82,,0,,5,,2,,,,101.49,,,,,,NA
-79.35,43.64,PA ROYAL CANADIAN YACHT CLUB,6156171,2015-10-21 4:00,2015,10,21,4:00,11.8,,8.9,,83,,0,,5,,4,,,,101.51,,,,,,NA
-79.35,43.64,PA ROYAL CANADIAN YACHT CLUB,6156171,2015-10-21 5:00,2015,10,21,5:00,10,,7.6,,85,,0,,7,,8,,,,101.59,,,,,,NA
-79.35,43.64,PA ROYAL CANADIAN YACHT CLUB,6156171,2015-10-21 6:00,2015,10,21,6:00,9.4,,5.9,,79,,0,,6,,8,,,,101.61,,,,,,NA
-79.35,43.64,PA ROYAL CANADIAN YACHT CLUB,6156171,2015-10-21 7:00,2015,10,21,7:00,9.6,,5.6,,76,,0,,6,,9,,,,101.64,,,,,,NA
-79.35,43.64,PA ROYAL CANADIAN YACHT CLUB,6156171,2015-10-21 8:00,2015,10,21,8:00,9.5,,4.8,,73,,0,,6,,9,,,,101.74,,,,,,NA
-79.35,43.64,PA ROYAL CANADIAN YACHT CLUB,6156171,2015-10-21 9:00,2015,10,21,9:00,8.9,,4,,71,,0,,7,,8,,,,101.75,,,,,,NA
-79.35,43.64,PA ROYAL CANADIAN YACHT CLUB,6156171,2015-10-21 10:00,2015,10,21,10:00,8.9,,4.6,,75,,0,,6,,8,,,,101.75,,,,,,NA
-79.35,43.64,PA ROYAL CANADIAN YACHT CLUB,6156171,2015-10-21 11:00,2015,10,21,11:00,8,,3.7,,74,,0,,6,,11,,,,101.71,,,,,,NA
-79.35,43.64,PA ROYAL CANADIAN YACHT CLUB,6156171,2015-10-21 12:00,2015,10,21,12:00,8.4,,3.6,,72,,0,,7,,9,,,,101.65,,,,,,NA
-79.35,43.64,PA ROYAL CANADIAN YACHT CLUB,6156171,2015-10-21 13:00,2015,10,21,13:00,9.3,,5.2,,75,,0,,5,,12,,,,101.56,,,,,,NA
-79.35,43.64,PA ROYAL CANADIAN YACHT CLUB,6156171,2015-10-21 14:00,2015,10,21,14:00,8.5,,4.5,,76,,0,,7,,9,,,,101.5,,,,,,NA
-79.35,43.64,PA ROYAL CANADIAN YACHT CLUB,6156171,2015-10-21 15:00,2015,10,21,15:00,9.4,,6,,79,,0,,6,,10,,,,101.46,,,,,,NA
-79.35,43.64,PA ROYAL CANADIAN YACHT CLUB,6156171,2015-10-21 16:00,2015,10,21,16:00,8.5,,5.4,,81,,0,,6,,8,,,,101.41,,,,,,NA
-79.35,43.64,PA ROYAL CANADIAN YACHT CLUB,6156171,2015-10-21 17:00,2015,10,21,17:00,8.6,,5.9,,83,,0,,6,,9,,,,101.37,,,,,,NA
-79.35,43.64,PA ROYAL CANADIAN YACHT CLUB,6156171,2015-10-21 18:00,2015,10,21,18:00,9.2,,7.3,,88,,0,,6,,7,,,,101.3,,,,,,NA
-79.35,43.64,PA ROYAL CANADIAN YACHT CLUB,6156171,2015-10-21 19:00,2015,10,21,19:00,10,,8.7,,92,,0,,6,,7,,,,101.27,,,,,,NA
-79.35,43.64,PA ROYAL CANADIAN YACHT CLUB,6156171,2015-10-21 20:00,2015,10,21,20:00,10.4,,9.4,,94,,0,,7,,5,,,,101.14,,,,,,NA
-79.35,43.64,PA ROYAL CANADIAN YACHT CLUB,6156171,2015-10-21 21:00,2015,10,21,21:00,11.1,,10.2,,94,,0,,5,,3,,,,101.05,,,,,,NA
-79.35,43.64,PA ROYAL CANADIAN YACHT CLUB,6156171,2015-10-21 22:00,2015,10,21,22:00,10.6,,9.7,,94,,0,,9,,5,,,,100.94,,,,,,NA
-79.35,43.64,PA ROYAL CANADIAN YACHT CLUB,6156171,2015-10-21 23:00,2015,10,21,23:00,11.1,,10.2,,95,,1,,10,,4,,,,100.93,,,,,,NA
-79.35,43.64,PA ROYAL CANADIAN YACHT CLUB,6156171,2015-10-22 0:00,2015,10,22,0:00,10.2,,9.5,,95,,0,,10,,3,,,,100.81,,,,,,NA
-79.35,43.64,PA ROYAL CANADIAN YACHT CLUB,6156171,2015-10-22 1:00,2015,10,22,1:00,9.4,,8.7,,95,,0.5,,6,,1,,,,100.74,,,,,,NA
-79.35,43.64,PA ROYAL CANADIAN YACHT CLUB,6156171,2015-10-22 2:00,2015,10,22,2:00,12.6,,10.5,,87,,0,,26,,4,,,,100.68,,,,,,NA
-79.35,43.64,PA ROYAL CANADIAN YACHT CLUB,6156171,2015-10-22 3:00,2015,10,22,3:00,13.8,,10.8,,82,,0,,26,,8,,,,100.65,,,,,,NA
-79.35,43.64,PA ROYAL CANADIAN YACHT CLUB,6156171,2015-10-22 4:00,2015,10,22,4:00,13.5,,10.8,,83,,0,,24,,8,,,,100.69,,,,,,NA
-79.35,43.64,PA ROYAL CANADIAN YACHT CLUB,6156171,2015-10-22 5:00,2015,10,22,5:00,14.9,,10.7,,76,,0,,26,,12,,,,100.72,,,,,,NA
-79.35,43.64,PA ROYAL CANADIAN YACHT CLUB,6156171,2015-10-22 6:00,2015,10,22,6:00,14.4,,10.6,,78,,0,,27,,12,,,,100.81,,,,,,NA
-79.35,43.64,PA ROYAL CANADIAN YACHT CLUB,6156171,2015-10-22 7:00,2015,10,22,7:00,15.6,,11.4,,76,,0,,32,,15,,,,100.9,,,,,,NA
-79.35,43.64,PA ROYAL CANADIAN YACHT CLUB,6156171,2015-10-22 8:00,2015,10,22,8:00,14,,9.2,,73,,0,,32,,18,,,,101.05,,,,,,NA
-79.35,43.64,PA ROYAL CANADIAN YACHT CLUB,6156171,2015-10-22 9:00,2015,10,22,9:00,13.7,,8.6,,71,,0,,30,,8,,,,101.16,,,,,,NA
-79.35,43.64,PA ROYAL CANADIAN YACHT CLUB,6156171,2015-10-22 10:00,2015,10,22,10:00,14.4,,7.4,,63,,0,,32,,19,,,,101.16,,,,,,NA
-79.35,43.64,PA ROYAL CANADIAN YACHT CLUB,6156171,2015-10-22 11:00,2015,10,22,11:00,14.5,,6.6,,59,,0,,30,,17,,,,101.18,,,,,,NA
-79.35,43.64,PA ROYAL CANADIAN YACHT CLUB,6156171,2015-10-22 12:00,2015,10,22,12:00,14.6,,6.3,,57,,0,,29,,18,,,,101.22,,,,,,NA
-79.35,43.64,PA ROYAL CANADIAN YACHT CLUB,6156171,2015-10-22 13:00,2015,10,22,13:00,15.2,,6.1,,55,,0,,28,,18,,,,101.19,,,,,,NA
-79.35,43.64,PA ROYAL CANADIAN YACHT CLUB,6156171,2015-10-22 14:00,2015,10,22,14:00,15.7,,4.8,,48,,0,,30,,15,,,,101.19,,,,,,NA
-79.35,43.64,PA ROYAL CANADIAN YACHT CLUB,6156171,2015-10-22 15:00,2015,10,22,15:00,16.1,,5,,48,,0,,29,,18,,,,101.18,,,,,,NA
-79.35,43.64,PA ROYAL CANADIAN YACHT CLUB,6156171,2015-10-22 16:00,2015,10,22,16:00,16.1,,4.2,,45,,0,,29,,17,,,,101.26,,,,,,NA
-79.35,43.64,PA ROYAL CANADIAN YACHT CLUB,6156171,2015-10-22 17:00,2015,10,22,17:00,15,,3.1,,45,,0,,31,,18,,,,101.34,,,,,,NA
-79.35,43.64,PA ROYAL CANADIAN YACHT CLUB,6156171,2015-10-22 18:00,2015,10,22,18:00,13.3,,3.1,,50,,0,,34,,22,,,,101.47,,,,,,NA
-79.35,43.64,PA ROYAL CANADIAN YACHT CLUB,6156171,2015-10-22 19:00,2015,10,22,19:00,12.5,,3,,52,,0,,32,,12,,,,101.55,,,,,,NA
-79.35,43.64,PA ROYAL CANADIAN YACHT CLUB,6156171,2015-10-22 20:00,2015,10,22,20:00,11.7,,3.5,,57,,0,,32,,12,,,,101.59,,,,,,NA
-79.35,43.64,PA ROYAL CANADIAN YACHT CLUB,6156171,2015-10-22 21:00,2015,10,22,21:00,10.9,,4,,62,,0,,31,,12,,,,101.65,,,,,,NA
-79.35,43.64,PA ROYAL CANADIAN YACHT CLUB,6156171,2015-10-22 22:00,2015,10,22,22:00,10,,3.7,,65,,0,,35,,7,,,,101.7,,,,,,NA
-79.35,43.64,PA ROYAL CANADIAN YACHT CLUB,6156171,2015-10-22 23:00,2015,10,22,23:00,9.9,,4,,67,,0,,34,,10,,,,101.72,,,,,,NA
-79.35,43.64,PA ROYAL CANADIAN YACHT CLUB,6156171,2015-10-23 0:00,2015,10,23,0:00,8.1,,1.6,,64,,0,,5,,14,,,,101.8,,,,,,NA
-79.35,43.64,PA ROYAL CANADIAN YACHT CLUB,6156171,2015-10-23 1:00,2015,10,23,1:00,6.1,,-1.3,,59,,0,,5,,14,,,,101.9,,,,,,NA
-79.35,43.64,PA ROYAL CANADIAN YACHT CLUB,6156171,2015-10-23 2:00,2015,10,23,2:00,5.2,,-2.4,,58,,0,,5,,9,,,,101.95,,,,,,NA
-79.35,43.64,PA ROYAL CANADIAN YACHT CLUB,6156171,2015-10-23 3:00,2015,10,23,3:00,4.4,,-2.6,,60,,,,5,,7,,,,102,,,,,,NA
-79.35,43.64,PA ROYAL CANADIAN YACHT CLUB,6156171,2015-10-23 4:00,2015,10,23,4:00,3.1,,-2.5,,67,,,,6,,2,,,,102.01,,,,,,NA
-79.35,43.64,PA ROYAL CANADIAN YACHT CLUB,6156171,2015-10-23 5:00,2015,10,23,5:00,3.8,,-2.2,,65,,,,34,,5,,,,102.07,,,,,,NA
-79.35,43.64,PA ROYAL CANADIAN YACHT CLUB,6156171,2015-10-23 6:00,2015,10,23,6:00,2.9,,-1.9,,71,,,,4,,4,,,,102.07,,,,,,NA
-79.35,43.64,PA ROYAL CANADIAN YACHT CLUB,6156171,2015-10-23 7:00,2015,10,23,7:00,2.6,,-1.3,,75,,,,3,,6,,,,102.09,,,,,,NA
-79.35,43.64,PA ROYAL CANADIAN YACHT CLUB,6156171,2015-10-23 8:00,2015,10,23,8:00,4,,-1.7,,66,,,,3,,9,,,,102.15,,,,,,NA
-79.35,43.64,PA ROYAL CANADIAN YACHT CLUB,6156171,2015-10-23 9:00,2015,10,23,9:00,5,,-2.1,,60,,0,,3,,8,,,,102.17,,,,,,NA
-79.35,43.64,PA ROYAL CANADIAN YACHT CLUB,6156171,2015-10-23 10:00,2015,10,23,10:00,5.4,,-1,,63,,0,,16,,7,,,,102.2,,,,,,NA
-79.35,43.64,PA ROYAL CANADIAN YACHT CLUB,6156171,2015-10-23 11:00,2015,10,23,11:00,5.6,,-0.5,,65,,0,,14,,7,,,,102.14,,,,,,NA
-79.35,43.64,PA ROYAL CANADIAN YACHT CLUB,6156171,2015-10-23 12:00,2015,10,23,12:00,6.5,,-1.3,,57,,0,,15,,8,,,,102.1,,,,,,NA
-79.35,43.64,PA ROYAL CANADIAN YACHT CLUB,6156171,2015-10-23 13:00,2015,10,23,13:00,6.8,,-0.4,,60,,0,,15,,8,,,,102.06,,,,,,NA
-79.35,43.64,PA ROYAL CANADIAN YACHT CLUB,6156171,2015-10-23 14:00,2015,10,23,14:00,6.8,,-0.1,,61,,0,,17,,8,,,,102.01,,,,,,NA
-79.35,43.64,PA ROYAL CANADIAN YACHT CLUB,6156171,2015-10-23 15:00,2015,10,23,15:00,7.2,,0,,60,,0,,16,,4,,,,102.01,,,,,,NA
-79.35,43.64,PA ROYAL CANADIAN YACHT CLUB,6156171,2015-10-23 16:00,2015,10,23,16:00,7.7,,0.7,,61,,0,,13,,5,,,,101.96,,,,,,NA
-79.35,43.64,PA ROYAL CANADIAN YACHT CLUB,6156171,2015-10-23 17:00,2015,10,23,17:00,7,,1.2,,66,,0,,7,,5,,,,101.91,,,,,,NA
-79.35,43.64,PA ROYAL CANADIAN YACHT CLUB,6156171,2015-10-23 18:00,2015,10,23,18:00,6.1,,2,,75,,0,,6,,3,,,,101.87,,,,,,NA
-79.35,43.64,PA ROYAL CANADIAN YACHT CLUB,6156171,2015-10-23 19:00,2015,10,23,19:00,6.9,,1.6,,69,,0,,8,,7,,,,101.85,,,,,,NA
-79.35,43.64,PA ROYAL CANADIAN YACHT CLUB,6156171,2015-10-23 20:00,2015,10,23,20:00,7.1,,2.3,,71,,0,,8,,7,,,,101.81,,,,,,NA
-79.35,43.64,PA ROYAL CANADIAN YACHT CLUB,6156171,2015-10-23 21:00,2015,10,23,21:00,7.5,,3.6,,76,,0,,8,,6,,,,101.81,,,,,,NA
-79.35,43.64,PA ROYAL CANADIAN YACHT CLUB,6156171,2015-10-23 22:00,2015,10,23,22:00,7.9,,3.7,,74,,0,,9,,6,,,,101.77,,,,,,NA
-79.35,43.64,PA ROYAL CANADIAN YACHT CLUB,6156171,2015-10-23 23:00,2015,10,23,23:00,7.7,,4,,77,,0,,12,,6,,,,101.68,,,,,,NA
-79.35,43.64,PA ROYAL CANADIAN YACHT CLUB,6156171,2015-10-24 0:00,2015,10,24,0:00,7.6,,3.7,,76,,0,,12,,7,,,,101.64,,,,,,NA
-79.35,43.64,PA ROYAL CANADIAN YACHT CLUB,6156171,2015-10-24 1:00,2015,10,24,1:00,7.6,,3.6,,76,,0,,10,,9,,,,101.44,,,,,,NA
-79.35,43.64,PA ROYAL CANADIAN YACHT CLUB,6156171,2015-10-24 2:00,2015,10,24,2:00,7.8,,3.8,,76,,0,,10,,7,,,,101.4,,,,,,NA
-79.35,43.64,PA ROYAL CANADIAN YACHT CLUB,6156171,2015-10-24 3:00,2015,10,24,3:00,7.9,,4,,76,,0,,7,,7,,,,101.36,,,,,,NA
-79.35,43.64,PA ROYAL CANADIAN YACHT CLUB,6156171,2015-10-24 4:00,2015,10,24,4:00,8,,4.1,,76,,0,,7,,7,,,,101.29,,,,,,NA
-79.35,43.64,PA ROYAL CANADIAN YACHT CLUB,6156171,2015-10-24 5:00,2015,10,24,5:00,8,,4.5,,79,,0,,6,,6,,,,101.22,,,,,,NA
-79.35,43.64,PA ROYAL CANADIAN YACHT CLUB,6156171,2015-10-24 6:00,2015,10,24,6:00,8.2,,5.1,,81,,0,,7,,8,,,,101.03,,,,,,NA
-79.35,43.64,PA ROYAL CANADIAN YACHT CLUB,6156171,2015-10-24 7:00,2015,10,24,7:00,8.9,,4.7,,75,,0,,14,,5,,,,101.14,,,,,,NA
-79.35,43.64,PA ROYAL CANADIAN YACHT CLUB,6156171,2015-10-24 8:00,2015,10,24,8:00,9.1,,4.7,,74,,0,,9,,4,,,,101.06,,,,,,NA
-79.35,43.64,PA ROYAL CANADIAN YACHT CLUB,6156171,2015-10-24 9:00,2015,10,24,9:00,9.5,,6.1,,79,,0,,6,,5,,,,101,,,,,,NA
-79.35,43.64,PA ROYAL CANADIAN YACHT CLUB,6156171,2015-10-24 10:00,2015,10,24,10:00,10.3,,5.8,,74,,0,,11,,4,,,,100.98,,,,,,NA
-79.35,43.64,PA ROYAL CANADIAN YACHT CLUB,6156171,2015-10-24 11:00,2015,10,24,11:00,10,,6.6,,79,,0,,6,,3,,,,100.89,,,,,,NA
-79.35,43.64,PA ROYAL CANADIAN YACHT CLUB,6156171,2015-10-24 12:00,2015,10,24,12:00,9.7,,6.8,,82,,0,,12,,4,,,,100.82,,,,,,NA
-79.35,43.64,PA ROYAL CANADIAN YACHT CLUB,6156171,2015-10-24 13:00,2015,10,24,13:00,9.6,,7.1,,85,,1,,7,,4,,,,100.73,,,,,,NA
-79.35,43.64,PA ROYAL CANADIAN YACHT CLUB,6156171,2015-10-24 14:00,2015,10,24,14:00,9.5,,7.7,,89,,0.5,,9,,5,,,,100.57,,,,,,NA
-79.35,43.64,PA ROYAL CANADIAN YACHT CLUB,6156171,2015-10-24 15:00,2015,10,24,15:00,9.8,,8.4,,91,,0.5,,7,,4,,,,100.54,,,,,,NA
-79.35,43.64,PA ROYAL CANADIAN YACHT CLUB,6156171,2015-10-24 16:00,2015,10,24,16:00,9.8,,9,,95,,0.5,,7,,6,,,,100.42,,,,,,NA
-79.35,43.64,PA ROYAL CANADIAN YACHT CLUB,6156171,2015-10-24 17:00,2015,10,24,17:00,10,,9.3,,95,,0,,8,,7,,,,100.29,,,,,,NA
-79.35,43.64,PA ROYAL CANADIAN YACHT CLUB,6156171,2015-10-24 18:00,2015,10,24,18:00,10,,9.4,,96,,0,,5,,7,,,,100.22,,,,,,NA
-79.35,43.64,PA ROYAL CANADIAN YACHT CLUB,6156171,2015-10-24 19:00,2015,10,24,19:00,10.8,,10,,95,,0,,8,,5,,,,100.14,,,,,,NA
-79.35,43.64,PA ROYAL CANADIAN YACHT CLUB,6156171,2015-10-24 20:00,2015,10,24,20:00,12.9,,11.9,,93,,0,,18,,4,,,,100.03,,,,,,NA
-79.35,43.64,PA ROYAL CANADIAN YACHT CLUB,6156171,2015-10-24 21:00,2015,10,24,21:00,13.1,,11.7,,91,,0,,19,,13,,,,99.98,,,,,,NA
-79.35,43.64,PA ROYAL CANADIAN YACHT CLUB,6156171,2015-10-24 22:00,2015,10,24,22:00,13.9,,13.5,,97,,8,,19,,22,,,,99.97,,,,,,NA
-79.35,43.64,PA ROYAL CANADIAN YACHT CLUB,6156171,2015-10-24 23:00,2015,10,24,23:00,14.3,,14,,98,,3.5,,21,,15,,,,100,,,,,,NA
-79.35,43.64,PA ROYAL CANADIAN YACHT CLUB,6156171,2015-10-25 0:00,2015,10,25,0:00,13.5,,12.5,,94,,0,,26,,8,,,,100,,,,,,NA
-79.35,43.64,PA ROYAL CANADIAN YACHT CLUB,6156171,2015-10-25 1:00,2015,10,25,1:00,14.5,,11.1,,80,,0,,32,,23,,,,100.15,,,,,,NA
-79.35,43.64,PA ROYAL CANADIAN YACHT CLUB,6156171,2015-10-25 2:00,2015,10,25,2:00,12.6,,8.5,,76,,0,,29,,23,,,,100.36,,,,,,NA
-79.35,43.64,PA ROYAL CANADIAN YACHT CLUB,6156171,2015-10-25 3:00,2015,10,25,3:00,11.7,,7.2,,74,,0,,31,,17,,,,100.47,,,,,,NA
-79.35,43.64,PA ROYAL CANADIAN YACHT CLUB,6156171,2015-10-25 4:00,2015,10,25,4:00,11.1,,7.1,,76,,0,,28,,13,,,,100.56,,,,,,NA
-79.35,43.64,PA ROYAL CANADIAN YACHT CLUB,6156171,2015-10-25 5:00,2015,10,25,5:00,10.6,,6.6,,77,,0,,30,,11,,,,100.67,,,,,,NA
-79.35,43.64,PA ROYAL CANADIAN YACHT CLUB,6156171,2015-10-25 6:00,2015,10,25,6:00,10.5,,6.8,,78,,0,,29,,15,,,,100.81,,,,,,NA
-79.35,43.64,PA ROYAL CANADIAN YACHT CLUB,6156171,2015-10-25 7:00,2015,10,25,7:00,9.3,,6.6,,83,,0,,34,,21,,,,100.97,,,,,,NA
-79.35,43.64,PA ROYAL CANADIAN YACHT CLUB,6156171,2015-10-25 8:00,2015,10,25,8:00,9.5,,6.3,,80,,0,,30,,10,,,,101.14,,,,,,NA
-79.35,43.64,PA ROYAL CANADIAN YACHT CLUB,6156171,2015-10-25 9:00,2015,10,25,9:00,10.1,,5.2,,72,,0,,31,,13,,,,101.28,,,,,,NA
-79.35,43.64,PA ROYAL CANADIAN YACHT CLUB,6156171,2015-10-25 10:00,2015,10,25,10:00,10.5,,4.4,,66,,0,,32,,19,,,,101.36,,,,,,NA
-79.35,43.64,PA ROYAL CANADIAN YACHT CLUB,6156171,2015-10-25 11:00,2015,10,25,11:00,11.6,,3.8,,59,,0,,33,,9,,,,101.44,,,,,,NA
-79.35,43.64,PA ROYAL CANADIAN YACHT CLUB,6156171,2015-10-25 12:00,2015,10,25,12:00,12.3,,2.3,,51,,0,,30,,10,,,,101.49,,,,,,NA
-79.35,43.64,PA ROYAL CANADIAN YACHT CLUB,6156171,2015-10-25 13:00,2015,10,25,13:00,13,,3.1,,51,,0,,33,,15,,,,101.46,,,,,,NA
-79.35,43.64,PA ROYAL CANADIAN YACHT CLUB,6156171,2015-10-25 14:00,2015,10,25,14:00,13.4,,3.2,,50,,0,,31,,15,,,,101.47,,,,,,NA
-79.35,43.64,PA ROYAL CANADIAN YACHT CLUB,6156171,2015-10-25 15:00,2015,10,25,15:00,13.9,,2.7,,47,,0,,32,,15,,,,101.51,,,,,,NA
-79.35,43.64,PA ROYAL CANADIAN YACHT CLUB,6156171,2015-10-25 16:00,2015,10,25,16:00,13.2,,1.3,,45,,0,,36,,14,,,,101.59,,,,,,NA
-79.35,43.64,PA ROYAL CANADIAN YACHT CLUB,6156171,2015-10-25 17:00,2015,10,25,17:00,12.8,,2.9,,51,,0,,36,,10,,,,101.65,,,,,,NA
-79.35,43.64,PA ROYAL CANADIAN YACHT CLUB,6156171,2015-10-25 18:00,2015,10,25,18:00,11.1,,4.3,,63,,0,,35,,11,,,,101.77,,,,,,NA
-79.35,43.64,PA ROYAL CANADIAN YACHT CLUB,6156171,2015-10-25 19:00,2015,10,25,19:00,10.3,,4.9,,69,,0,,33,,9,,,,101.89,,,,,,NA
-79.35,43.64,PA ROYAL CANADIAN YACHT CLUB,6156171,2015-10-25 20:00,2015,10,25,20:00,9.2,,4.9,,75,,0,,1,,9,,,,101.98,,,,,,NA
-79.35,43.64,PA ROYAL CANADIAN YACHT CLUB,6156171,2015-10-25 21:00,2015,10,25,21:00,8.2,,4.6,,78,,0,,36,,7,,,,102.05,,,,,,NA
-79.35,43.64,PA ROYAL CANADIAN YACHT CLUB,6156171,2015-10-25 22:00,2015,10,25,22:00,6.8,,3.9,,82,,0,,2,,4,,,,102.05,,,,,,NA
-79.35,43.64,PA ROYAL CANADIAN YACHT CLUB,6156171,2015-10-25 23:00,2015,10,25,23:00,6.1,,3.4,,83,,0,,3,,3,,,,102.06,,,,,,NA
-79.35,43.64,PA ROYAL CANADIAN YACHT CLUB,6156171,2015-10-26 0:00,2015,10,26,0:00,5,,2.8,,86,,0,,6,,2,,,,102.1,,,,,,NA
-79.35,43.64,PA ROYAL CANADIAN YACHT CLUB,6156171,2015-10-26 1:00,2015,10,26,1:00,4.8,,2.8,,87,,0,,6,,3,,,,102.16,,,,,,NA
-79.35,43.64,PA ROYAL CANADIAN YACHT CLUB,6156171,2015-10-26 2:00,2015,10,26,2:00,4.8,,2.4,,85,,0,,5,,4,,,,102.21,,,,,,NA
-79.35,43.64,PA ROYAL CANADIAN YACHT CLUB,6156171,2015-10-26 3:00,2015,10,26,3:00,4,,1.7,,85,,,,3,,3,,,,102.26,,,,,,NA
-79.35,43.64,PA ROYAL CANADIAN YACHT CLUB,6156171,2015-10-26 4:00,2015,10,26,4:00,4.6,,1.8,,82,,0,,3,,4,,,,102.32,,,,,,NA
-79.35,43.64,PA ROYAL CANADIAN YACHT CLUB,6156171,2015-10-26 5:00,2015,10,26,5:00,5.2,,2,,80,,0,,3,,3,,,,102.36,,,,,,NA
-79.35,43.64,PA ROYAL CANADIAN YACHT CLUB,6156171,2015-10-26 6:00,2015,10,26,6:00,4.9,,2,,81,,0,,3,,5,,,,102.38,,,,,,NA
-79.35,43.64,PA ROYAL CANADIAN YACHT CLUB,6156171,2015-10-26 7:00,2015,10,26,7:00,4.5,,1.4,,80,,0,,3,,5,,,,102.43,,,,,,NA
-79.35,43.64,PA ROYAL CANADIAN YACHT CLUB,6156171,2015-10-26 8:00,2015,10,26,8:00,6.1,,1.9,,75,,0,,5,,6,,,,102.49,,,,,,NA
-79.35,43.64,PA ROYAL CANADIAN YACHT CLUB,6156171,2015-10-26 9:00,2015,10,26,9:00,7.8,,2.4,,69,,0,,6,,6,,,,102.51,,,,,,NA
-79.35,43.64,PA ROYAL CANADIAN YACHT CLUB,6156171,2015-10-26 10:00,2015,10,26,10:00,8.9,,3.2,,68,,0,,8,,5,,,,102.55,,,,,,NA
-79.35,43.64,PA ROYAL CANADIAN YACHT CLUB,6156171,2015-10-26 11:00,2015,10,26,11:00,8.5,,2.8,,67,,0,,9,,6,,,,102.55,,,,,,NA
-79.35,43.64,PA ROYAL CANADIAN YACHT CLUB,6156171,2015-10-26 12:00,2015,10,26,12:00,8.9,,3.2,,67,,0,,15,,6,,,,102.51,,,,,,NA
-79.35,43.64,PA ROYAL CANADIAN YACHT CLUB,6156171,2015-10-26 13:00,2015,10,26,13:00,9.7,,2.9,,63,,0,,16,,7,,,,102.43,,,,,,NA
-79.35,43.64,PA ROYAL CANADIAN YACHT CLUB,6156171,2015-10-26 14:00,2015,10,26,14:00,9.4,,2.4,,61,,0,,16,,7,,,,102.42,,,,,,NA
-79.35,43.64,PA ROYAL CANADIAN YACHT CLUB,6156171,2015-10-26 15:00,2015,10,26,15:00,9,,2.9,,65,,0,,11,,6,,,,102.37,,,,,,NA
-79.35,43.64,PA ROYAL CANADIAN YACHT CLUB,6156171,2015-10-26 16:00,2015,10,26,16:00,9.2,,3,,65,,0,,9,,5,,,,102.38,,,,,,NA
-79.35,43.64,PA ROYAL CANADIAN YACHT CLUB,6156171,2015-10-26 17:00,2015,10,26,17:00,8.2,,3.6,,73,,0,,9,,3,,,,102.38,,,,,,NA
-79.35,43.64,PA ROYAL CANADIAN YACHT CLUB,6156171,2015-10-26 18:00,2015,10,26,18:00,7.7,,3.5,,75,,0,,6,,2,,,,102.4,,,,,,NA
-79.35,43.64,PA ROYAL CANADIAN YACHT CLUB,6156171,2015-10-26 19:00,2015,10,26,19:00,7.2,,3.6,,78,,0,,5,,3,,,,102.43,,,,,,NA
-79.35,43.64,PA ROYAL CANADIAN YACHT CLUB,6156171,2015-10-26 20:00,2015,10,26,20:00,7,,3.4,,78,,0,,6,,3,,,,102.4,,,,,,NA
-79.35,43.64,PA ROYAL CANADIAN YACHT CLUB,6156171,2015-10-26 21:00,2015,10,26,21:00,7.2,,3.5,,77,,0,,5,,5,,,,102.41,,,,,,NA
-79.35,43.64,PA ROYAL CANADIAN YACHT CLUB,6156171,2015-10-26 22:00,2015,10,26,22:00,6.2,,2.6,,78,,0,,3,,2,,,,102.45,,,,,,NA
-79.35,43.64,PA ROYAL CANADIAN YACHT CLUB,6156171,2015-10-26 23:00,2015,10,26,23:00,7.3,,3.2,,75,,0,,14,,3,,,,102.43,,,,,,NA
-79.35,43.64,PA ROYAL CANADIAN YACHT CLUB,6156171,2015-10-27 0:00,2015,10,27,0:00,7.2,,2.7,,73,,0,,0,,1,,,,102.44,,,,,,NA
-79.35,43.64,PA ROYAL CANADIAN YACHT CLUB,6156171,2015-10-27 1:00,2015,10,27,1:00,7,,3,,76,,0,,4,,3,,,,102.41,,,,,,NA
-79.35,43.64,PA ROYAL CANADIAN YACHT CLUB,6156171,2015-10-27 2:00,2015,10,27,2:00,5.1,,2.6,,84,,0,,2,,5,,,,102.39,,,,,,NA
-79.35,43.64,PA ROYAL CANADIAN YACHT CLUB,6156171,2015-10-27 3:00,2015,10,27,3:00,4.8,,2.2,,84,,0,,2,,6,,,,102.37,,,,,,NA
-79.35,43.64,PA ROYAL CANADIAN YACHT CLUB,6156171,2015-10-27 4:00,2015,10,27,4:00,4.7,,2.2,,84,,0,,3,,7,,,,102.36,,,,,,NA
-79.35,43.64,PA ROYAL CANADIAN YACHT CLUB,6156171,2015-10-27 5:00,2015,10,27,5:00,4.5,,2,,84,,0,,3,,6,,,,102.41,,,,,,NA
-79.35,43.64,PA ROYAL CANADIAN YACHT CLUB,6156171,2015-10-27 6:00,2015,10,27,6:00,4.5,,2.1,,84,,0,,4,,5,,,,102.42,,,,,,NA
-79.35,43.64,PA ROYAL CANADIAN YACHT CLUB,6156171,2015-10-27 7:00,2015,10,27,7:00,5.1,,2.2,,82,,0,,4,,6,,,,102.45,,,,,,NA
-79.35,43.64,PA ROYAL CANADIAN YACHT CLUB,6156171,2015-10-27 8:00,2015,10,27,8:00,6.9,,3,,77,,0,,4,,7,,,,102.46,,,,,,NA
-79.35,43.64,PA ROYAL CANADIAN YACHT CLUB,6156171,2015-10-27 9:00,2015,10,27,9:00,8.3,,4.2,,76,,0,,6,,8,,,,102.53,,,,,,NA
-79.35,43.64,PA ROYAL CANADIAN YACHT CLUB,6156171,2015-10-27 10:00,2015,10,27,10:00,8.7,,5.3,,79,,0,,7,,10,,,,102.56,,,,,,NA
-79.35,43.64,PA ROYAL CANADIAN YACHT CLUB,6156171,2015-10-27 11:00,2015,10,27,11:00,9.1,,5.5,,78,,0,,6,,11,,,,102.51,,,,,,NA
-79.35,43.64,PA ROYAL CANADIAN YACHT CLUB,6156171,2015-10-27 12:00,2015,10,27,12:00,10,,6.1,,77,,0,,6,,10,,,,102.44,,,,,,NA
-79.35,43.64,PA ROYAL CANADIAN YACHT CLUB,6156171,2015-10-27 13:00,2015,10,27,13:00,10.1,,5.7,,74,,0,,6,,12,,,,102.36,,,,,,NA
-79.35,43.64,PA ROYAL CANADIAN YACHT CLUB,6156171,2015-10-27 14:00,2015,10,27,14:00,10.2,,4.5,,68,,0,,7,,10,,,,102.26,,,,,,NA
-79.35,43.64,PA ROYAL CANADIAN YACHT CLUB,6156171,2015-10-27 15:00,2015,10,27,15:00,9.6,,4.9,,72,,0,,7,,10,,,,102.19,,,,,,NA
-79.35,43.64,PA ROYAL CANADIAN YACHT CLUB,6156171,2015-10-27 16:00,2015,10,27,16:00,8.8,,4.8,,76,,0,,7,,9,,,,102.15,,,,,,NA
-79.35,43.64,PA ROYAL CANADIAN YACHT CLUB,6156171,2015-10-27 17:00,2015,10,27,17:00,8.6,,4.6,,76,,0,,7,,10,,,,102.05,,,,,,NA
-79.35,43.64,PA ROYAL CANADIAN YACHT CLUB,6156171,2015-10-27 18:00,2015,10,27,18:00,8.9,,4.5,,74,,0,,8,,11,,,,102.02,,,,,,NA
-79.35,43.64,PA ROYAL CANADIAN YACHT CLUB,6156171,2015-10-27 19:00,2015,10,27,19:00,8.9,,4.9,,76,,0,,7,,11,,,,102.01,,,,,,NA
-79.35,43.64,PA ROYAL CANADIAN YACHT CLUB,6156171,2015-10-27 20:00,2015,10,27,20:00,8.8,,4.6,,75,,0,,7,,9,,,,101.96,,,,,,NA
-79.35,43.64,PA ROYAL CANADIAN YACHT CLUB,6156171,2015-10-27 21:00,2015,10,27,21:00,8.9,,5,,77,,0,,8,,11,,,,101.91,,,,,,NA
-79.35,43.64,PA ROYAL CANADIAN YACHT CLUB,6156171,2015-10-27 22:00,2015,10,27,22:00,9,,6.2,,83,,0,,7,,12,,,,101.81,,,,,,NA
-79.35,43.64,PA ROYAL CANADIAN YACHT CLUB,6156171,2015-10-27 23:00,2015,10,27,23:00,10.5,,6.9,,78,,0,,11,,8,,,,101.74,,,,,,NA
-79.35,43.64,PA ROYAL CANADIAN YACHT CLUB,6156171,2015-10-28 0:00,2015,10,28,0:00,10.4,,6.7,,78,,0,,12,,7,,,,101.63,,,,,,NA
-79.35,43.64,PA ROYAL CANADIAN YACHT CLUB,6156171,2015-10-28 1:00,2015,10,28,1:00,10.8,,7,,77,,0,,10,,7,,,,101.51,,,,,,NA
-79.35,43.64,PA ROYAL CANADIAN YACHT CLUB,6156171,2015-10-28 2:00,2015,10,28,2:00,10.8,,7.1,,78,,0,,11,,8,,,,101.4,,,,,,NA
-79.35,43.64,PA ROYAL CANADIAN YACHT CLUB,6156171,2015-10-28 3:00,2015,10,28,3:00,9.6,,7.6,,88,,0.5,,10,,7,,,,101.3,,,,,,NA
-79.35,43.64,PA ROYAL CANADIAN YACHT CLUB,6156171,2015-10-28 4:00,2015,10,28,4:00,9.7,,8.1,,90,,2,,10,,8,,,,101.15,,,,,,NA
-79.35,43.64,PA ROYAL CANADIAN YACHT CLUB,6156171,2015-10-28 5:00,2015,10,28,5:00,9.5,,8,,90,,1.5,,11,,10,,,,100.96,,,,,,NA
-79.35,43.64,PA ROYAL CANADIAN YACHT CLUB,6156171,2015-10-28 6:00,2015,10,28,6:00,9.3,,8.3,,94,,3.5,,10,,8,,,,100.88,,,,,,NA
-79.35,43.64,PA ROYAL CANADIAN YACHT CLUB,6156171,2015-10-28 7:00,2015,10,28,7:00,9.6,,8.9,,95,,5,,10,,10,,,,100.66,,,,,,NA
-79.35,43.64,PA ROYAL CANADIAN YACHT CLUB,6156171,2015-10-28 8:00,2015,10,28,8:00,9.5,,9.2,,98,,4.5,,10,,10,,,,100.53,,,,,,NA
-79.35,43.64,PA ROYAL CANADIAN YACHT CLUB,6156171,2015-10-28 9:00,2015,10,28,9:00,9.4,,9.2,,99,,6.5,,10,,11,,,,100.38,,,,,,NA
-79.35,43.64,PA ROYAL CANADIAN YACHT CLUB,6156171,2015-10-28 10:00,2015,10,28,10:00,9.4,,9.3,,99,,6,,11,,11,,,,100.23,,,,,,NA
-79.35,43.64,PA ROYAL CANADIAN YACHT CLUB,6156171,2015-10-28 11:00,2015,10,28,11:00,9.4,,9.4,,100,,5,,10,,10,,,,100.04,,,,,,NA
-79.35,43.64,PA ROYAL CANADIAN YACHT CLUB,6156171,2015-10-28 12:00,2015,10,28,12:00,10.1,,10.1,,100,,4.5,,8,,10,,,,99.83,,,,,,NA
-79.35,43.64,PA ROYAL CANADIAN YACHT CLUB,6156171,2015-10-28 13:00,2015,10,28,13:00,9.7,,9.7,,100,,3.5,,6,,10,,,,99.62,,,,,,NA
-79.35,43.64,PA ROYAL CANADIAN YACHT CLUB,6156171,2015-10-28 14:00,2015,10,28,14:00,10.2,,10.2,,100,,3,,7,,9,,,,99.47,,,,,,NA
-79.35,43.64,PA ROYAL CANADIAN YACHT CLUB,6156171,2015-10-28 15:00,2015,10,28,15:00,10.6,,10.6,,100,,2.5,,7,,8,,,,99.31,,,,,,NA
-79.35,43.64,PA ROYAL CANADIAN YACHT CLUB,6156171,2015-10-28 16:00,2015,10,28,16:00,11.2,,11.2,,100,,2.5,,5,,10,,,,99.22,,,,,,NA
-79.35,43.64,PA ROYAL CANADIAN YACHT CLUB,6156171,2015-10-28 17:00,2015,10,28,17:00,11.9,,11.9,,100,,2.5,,7,,6,,,,99.1,,,,,,NA
-79.35,43.64,PA ROYAL CANADIAN YACHT CLUB,6156171,2015-10-28 18:00,2015,10,28,18:00,12.1,,12.1,,100,,2.5,,8,,6,,,,99.03,,,,,,NA
-79.35,43.64,PA ROYAL CANADIAN YACHT CLUB,6156171,2015-10-28 19:00,2015,10,28,19:00,12.3,,12.3,,100,,2.5,,8,,5,,,,98.94,,,,,,NA
-79.35,43.64,PA ROYAL CANADIAN YACHT CLUB,6156171,2015-10-28 20:00,2015,10,28,20:00,12.7,,12.7,,100,,2,,15,,3,,,,98.88,,,,,,NA
-79.35,43.64,PA ROYAL CANADIAN YACHT CLUB,6156171,2015-10-28 21:00,2015,10,28,21:00,12.6,,12.6,,100,,1.5,,17,,3,,,,98.85,,,,,,NA
-79.35,43.64,PA ROYAL CANADIAN YACHT CLUB,6156171,2015-10-28 22:00,2015,10,28,22:00,12.9,,12.9,,100,,2,,19,,4,,,,98.8,,,,,,NA
-79.35,43.64,PA ROYAL CANADIAN YACHT CLUB,6156171,2015-10-28 23:00,2015,10,28,23:00,13.8,,13.8,,100,,1,,23,,7,,,,98.73,,,,,,NA
-79.35,43.64,PA ROYAL CANADIAN YACHT CLUB,6156171,2015-10-29 0:00,2015,10,29,0:00,13.1,,13.1,,100,,1,,21,,17,,,,98.72,,,,,,NA
-79.35,43.64,PA ROYAL CANADIAN YACHT CLUB,6156171,2015-10-29 1:00,2015,10,29,1:00,13.8,,12.2,,90,,0,,22,,20,,,,98.75,,,,,,NA
-79.35,43.64,PA ROYAL CANADIAN YACHT CLUB,6156171,2015-10-29 2:00,2015,10,29,2:00,13.1,,10.5,,84,,0,,23,,21,,,,98.77,,,,,,NA
-79.35,43.64,PA ROYAL CANADIAN YACHT CLUB,6156171,2015-10-29 3:00,2015,10,29,3:00,12.2,,9.3,,83,,0,,24,,13,,,,98.78,,,,,,NA
-79.35,43.64,PA ROYAL CANADIAN YACHT CLUB,6156171,2015-10-29 4:00,2015,10,29,4:00,10.4,,8.4,,88,,0,,26,,8,,,,98.77,,,,,,NA
-79.35,43.64,PA ROYAL CANADIAN YACHT CLUB,6156171,2015-10-29 5:00,2015,10,29,5:00,11,,9.3,,90,,0,,20,,11,,,,98.71,,,,,,NA
-79.35,43.64,PA ROYAL CANADIAN YACHT CLUB,6156171,2015-10-29 6:00,2015,10,29,6:00,10.8,,9.1,,89,,0.5,,21,,22,,,,98.71,,,,,,NA
-79.35,43.64,PA ROYAL CANADIAN YACHT CLUB,6156171,2015-10-29 7:00,2015,10,29,7:00,9.6,,1.4,,57,,0,,24,,34,,,,98.84,,,,,,NA
-79.35,43.64,PA ROYAL CANADIAN YACHT CLUB,6156171,2015-10-29 8:00,2015,10,29,8:00,7.7,,1.2,,63,,0,,23,,35,,,,99.03,,,,,,NA
-79.35,43.64,PA ROYAL CANADIAN YACHT CLUB,6156171,2015-10-29 9:00,2015,10,29,9:00,7.6,,0.5,,61,,0,,25,,24,,,,99.13,,,,,,NA
-79.35,43.64,PA ROYAL CANADIAN YACHT CLUB,6156171,2015-10-29 10:00,2015,10,29,10:00,8.2,,-1.7,,50,,0,,25,,23,,,,99.14,,,,,,NA
-79.35,43.64,PA ROYAL CANADIAN YACHT CLUB,6156171,2015-10-29 11:00,2015,10,29,11:00,9,,-0.8,,50,,0,,24,,23,,,,99.15,,,,,,NA
-79.35,43.64,PA ROYAL CANADIAN YACHT CLUB,6156171,2015-10-29 12:00,2015,10,29,12:00,9.5,,-1.5,,46,,0,,26,,22,,,,99.18,,,,,,NA
-79.35,43.64,PA ROYAL CANADIAN YACHT CLUB,6156171,2015-10-29 13:00,2015,10,29,13:00,8.7,,-0.6,,52,,0,,25,,21,,,,99.17,,,,,,NA
-79.35,43.64,PA ROYAL CANADIAN YACHT CLUB,6156171,2015-10-29 14:00,2015,10,29,14:00,8.4,,-0.1,,55,,0,,24,,26,,,,99.23,,,,,,NA
-79.35,43.64,PA ROYAL CANADIAN YACHT CLUB,6156171,2015-10-29 15:00,2015,10,29,15:00,8.3,,0.8,,59,,0,,24,,25,,,,99.28,,,,,,NA
-79.35,43.64,PA ROYAL CANADIAN YACHT CLUB,6156171,2015-10-29 16:00,2015,10,29,16:00,8.1,,0.8,,60,,0,,25,,23,,,,99.36,,,,,,NA
-79.35,43.64,PA ROYAL CANADIAN YACHT CLUB,6156171,2015-10-29 17:00,2015,10,29,17:00,7.9,,1.6,,64,,0,,25,,21,,,,99.45,,,,,,NA
-79.35,43.64,PA ROYAL CANADIAN YACHT CLUB,6156171,2015-10-29 18:00,2015,10,29,18:00,8.1,,2.4,,67,,0,,25,,21,,,,99.49,,,,,,NA
-79.35,43.64,PA ROYAL CANADIAN YACHT CLUB,6156171,2015-10-29 19:00,2015,10,29,19:00,8.2,,3.2,,71,,0,,25,,21,,,,99.53,,,,,,NA
-79.35,43.64,PA ROYAL CANADIAN YACHT CLUB,6156171,2015-10-29 20:00,2015,10,29,20:00,8.1,,3.5,,73,,0,,24,,21,,,,99.61,,,,,,NA
-79.35,43.64,PA ROYAL CANADIAN YACHT CLUB,6156171,2015-10-29 21:00,2015,10,29,21:00,8.1,,3.9,,75,,0,,26,,22,,,,99.66,,,,,,NA
-79.35,43.64,PA ROYAL CANADIAN YACHT CLUB,6156171,2015-10-29 22:00,2015,10,29,22:00,8.1,,4.3,,77,,0,,24,,21,,,,99.71,,,,,,NA
-79.35,43.64,PA ROYAL CANADIAN YACHT CLUB,6156171,2015-10-29 23:00,2015,10,29,23:00,8.3,,4.7,,78,,0,,26,,19,,,,99.76,,,,,,NA
-79.35,43.64,PA ROYAL CANADIAN YACHT CLUB,6156171,2015-10-30 0:00,2015,10,30,0:00,8.6,,5.2,,79,,0,,28,,16,,,,99.84,,,,,,NA
-79.35,43.64,PA ROYAL CANADIAN YACHT CLUB,6156171,2015-10-30 1:00,2015,10,30,1:00,8.6,,4,,73,,0,,29,,17,,,,99.95,,,,,,NA
-79.35,43.64,PA ROYAL CANADIAN YACHT CLUB,6156171,2015-10-30 2:00,2015,10,30,2:00,7.3,,3.2,,75,,0,,34,,15,,,,100.11,,,,,,NA
-79.35,43.64,PA ROYAL CANADIAN YACHT CLUB,6156171,2015-10-30 3:00,2015,10,30,3:00,6.8,,2.7,,75,,0,,33,,11,,,,100.22,,,,,,NA
-79.35,43.64,PA ROYAL CANADIAN YACHT CLUB,6156171,2015-10-30 4:00,2015,10,30,4:00,6.6,,1.2,,68,,0,,32,,12,,,,100.35,,,,,,NA
-79.35,43.64,PA ROYAL CANADIAN YACHT CLUB,6156171,2015-10-30 5:00,2015,10,30,5:00,5.9,,1,,71,,0,,28,,7,,,,100.51,,,,,,NA
-79.35,43.64,PA ROYAL CANADIAN YACHT CLUB,6156171,2015-10-30 6:00,2015,10,30,6:00,6,,1.3,,72,,0,,32,,11,,,,100.63,,,,,,NA
-79.35,43.64,PA ROYAL CANADIAN YACHT CLUB,6156171,2015-10-30 7:00,2015,10,30,7:00,5.6,,1.2,,73,,0,,31,,8,,,,100.74,,,,,,NA
-79.35,43.64,PA ROYAL CANADIAN YACHT CLUB,6156171,2015-10-30 8:00,2015,10,30,8:00,5.9,,1.6,,74,,0,,32,,4,,,,100.85,,,,,,NA
-79.35,43.64,PA ROYAL CANADIAN YACHT CLUB,6156171,2015-10-30 9:00,2015,10,30,9:00,5.8,,0.2,,67,,0,,36,,10,,,,100.97,,,,,,NA
-79.35,43.64,PA ROYAL CANADIAN YACHT CLUB,6156171,2015-10-30 10:00,2015,10,30,10:00,6.6,,1.4,,69,,0,,24,,7,,,,101.02,,,,,,NA
-79.35,43.64,PA ROYAL CANADIAN YACHT CLUB,6156171,2015-10-30 11:00,2015,10,30,11:00,7.2,,1,,65,,0,,34,,13,,,,101.09,,,,,,NA
-79.35,43.64,PA ROYAL CANADIAN YACHT CLUB,6156171,2015-10-30 12:00,2015,10,30,12:00,7.4,,1.3,,65,,0,,1,,10,,,,101.05,,,,,,NA
-79.35,43.64,PA ROYAL CANADIAN YACHT CLUB,6156171,2015-10-30 13:00,2015,10,30,13:00,8.2,,0.7,,59,,0,,35,,10,,,,101.04,,,,,,NA
-79.35,43.64,PA ROYAL CANADIAN YACHT CLUB,6156171,2015-10-30 14:00,2015,10,30,14:00,8.8,,1.7,,61,,0,,20,,13,,,,101.02,,,,,,NA
-79.35,43.64,PA ROYAL CANADIAN YACHT CLUB,6156171,2015-10-30 15:00,2015,10,30,15:00,8.4,,2.9,,68,,0,,19,,11,,,,101.08,,,,,,NA
-79.35,43.64,PA ROYAL CANADIAN YACHT CLUB,6156171,2015-10-30 16:00,2015,10,30,16:00,8.4,,2.5,,66,,0,,19,,7,,,,101.1,,,,,,NA
-79.35,43.64,PA ROYAL CANADIAN YACHT CLUB,6156171,2015-10-30 17:00,2015,10,30,17:00,8.1,,3.1,,71,,0,,18,,6,,,,101.08,,,,,,NA
-79.35,43.64,PA ROYAL CANADIAN YACHT CLUB,6156171,2015-10-30 18:00,2015,10,30,18:00,9,,0.2,,54,,0,,28,,11,,,,101.2,,,,,,NA
-79.35,43.64,PA ROYAL CANADIAN YACHT CLUB,6156171,2015-10-30 19:00,2015,10,30,19:00,8.6,,0.1,,55,,0,,33,,9,,,,101.23,,,,,,NA
-79.35,43.64,PA ROYAL CANADIAN YACHT CLUB,6156171,2015-10-30 20:00,2015,10,30,20:00,6.8,,0.9,,66,,0,,1,,6,,,,101.26,,,,,,NA
-79.35,43.64,PA ROYAL CANADIAN YACHT CLUB,6156171,2015-10-30 21:00,2015,10,30,21:00,5.5,,0.7,,71,,0,,5,,6,,,,101.15,,,,,,NA
-79.35,43.64,PA ROYAL CANADIAN YACHT CLUB,6156171,2015-10-30 22:00,2015,10,30,22:00,4.9,,0.7,,74,,0,,5,,4,,,,101.26,,,,,,NA
-79.35,43.64,PA ROYAL CANADIAN YACHT CLUB,6156171,2015-10-30 23:00,2015,10,30,23:00,4.4,,0.3,,75,,,,5,,5,,,,101.24,,,,,,NA
-79.35,43.64,PA ROYAL CANADIAN YACHT CLUB,6156171,2015-10-31 0:00,2015,10,31,0:00,3.2,,0.3,,81,,,,7,,3,,,,101.22,,,,,,NA
-79.35,43.64,PA ROYAL CANADIAN YACHT CLUB,6156171,2015-10-31 1:00,2015,10,31,1:00,2.8,,0.4,,84,,,,5,,3,,,,101.27,,,,,,NA
-79.35,43.64,PA ROYAL CANADIAN YACHT CLUB,6156171,2015-10-31 2:00,2015,10,31,2:00,2.4,,0.3,,86,,,,4,,3,,,,101.31,,,,,,NA
-79.35,43.64,PA ROYAL CANADIAN YACHT CLUB,6156171,2015-10-31 3:00,2015,10,31,3:00,2.2,,0.2,,87,,,,3,,4,,,,101.27,,,,,,NA
-79.35,43.64,PA ROYAL CANADIAN YACHT CLUB,6156171,2015-10-31 4:00,2015,10,31,4:00,2.8,,0.4,,84,,,,3,,5,,,,101.31,,,,,,NA
-79.35,43.64,PA ROYAL CANADIAN YACHT CLUB,6156171,2015-10-31 5:00,2015,10,31,5:00,3.4,,0.6,,82,,,,4,,4,,,,101.28,,,,,,NA
-79.35,43.64,PA ROYAL CANADIAN YACHT CLUB,6156171,2015-10-31 6:00,2015,10,31,6:00,4.1,,1.2,,81,,,,2,,4,,,,101.3,,,,,,NA
-79.35,43.64,PA ROYAL CANADIAN YACHT CLUB,6156171,2015-10-31 7:00,2015,10,31,7:00,4.5,,1.7,,82,,0,,3,,3,,,,101.3,,,,,,NA
-79.35,43.64,PA ROYAL CANADIAN YACHT CLUB,6156171,2015-10-31 8:00,2015,10,31,8:00,5.2,,2.6,,83,,0,,5,,2,,,,101.3,,,,,,NA
-79.35,43.64,PA ROYAL CANADIAN YACHT CLUB,6156171,2015-10-31 9:00,2015,10,31,9:00,6.2,,3.8,,85,,0,,4,,4,,,,101.3,,,,,,NA
-79.35,43.64,PA ROYAL CANADIAN YACHT CLUB,6156171,2015-10-31 10:00,2015,10,31,10:00,7.5,,3.5,,76,,0,,15,,4,,,,101.14,,,,,,NA
-79.35,43.64,PA ROYAL CANADIAN YACHT CLUB,6156171,2015-10-31 11:00,2015,10,31,11:00,8.4,,4.7,,77,,0,,17,,4,,,,101.15,,,,,,NA
-79.35,43.64,PA ROYAL CANADIAN YACHT CLUB,6156171,2015-10-31 12:00,2015,10,31,12:00,8.8,,5.4,,79,,0,,18,,4,,,,101.1,,,,,,NA
-79.35,43.64,PA ROYAL CANADIAN YACHT CLUB,6156171,2015-10-31 13:00,2015,10,31,13:00,9.2,,5.9,,80,,0,,8,,3,,,,101.02,,,,,,NA
-79.35,43.64,PA ROYAL CANADIAN YACHT CLUB,6156171,2015-10-31 14:00,2015,10,31,14:00,9.5,,6.5,,82,,0,,12,,5,,,,100.87,,,,,,NA
-79.35,43.64,PA ROYAL CANADIAN YACHT CLUB,6156171,2015-10-31 15:00,2015,10,31,15:00,9.7,,6.4,,80,,0,,18,,4,,,,100.85,,,,,,NA
-79.35,43.64,PA ROYAL CANADIAN YACHT CLUB,6156171,2015-10-31 16:00,2015,10,31,16:00,10,,5.6,,74,,0,,17,,6,,,,100.78,,,,,,NA
-79.35,43.64,PA ROYAL CANADIAN YACHT CLUB,6156171,2015-10-31 17:00,2015,10,31,17:00,9.5,,5.5,,76,,0,,15,,5,,,,100.69,,,,,,NA
-79.35,43.64,PA ROYAL CANADIAN YACHT CLUB,6156171,2015-10-31 18:00,2015,10,31,18:00,9.4,,5.9,,79,,0,,16,,4,,,,100.68,,,,,,NA
-79.35,43.64,PA ROYAL CANADIAN YACHT CLUB,6156171,2015-10-31 19:00,2015,10,31,19:00,9.5,,5.1,,74,,0,,14,,3,,,,100.6,,,,,,NA
-79.35,43.64,PA ROYAL CANADIAN YACHT CLUB,6156171,2015-10-31 20:00,2015,10,31,20:00,9.4,,5.6,,77,,0,,12,,4,,,,100.47,,,,,,NA
-79.35,43.64,PA ROYAL CANADIAN YACHT CLUB,6156171,2015-10-31 21:00,2015,10,31,21:00,9.8,,5.7,,76,,0,,15,,5,,,,100.34,,,,,,NA
-79.35,43.64,PA ROYAL CANADIAN YACHT CLUB,6156171,2015-10-31 22:00,2015,10,31,22:00,10,,5.7,,75,,0,,15,,9,,,,100.24,,,,,,NA
-79.35,43.64,PA ROYAL CANADIAN YACHT CLUB,6156171,2015-10-31 23:00,2015,10,31,23:00,9.6,,6,,78,,0,,16,,10,,,,100.12,,,,,,NA